wos_id,doi,title,abstract,label,source_type,source_specific,isolate_concentrate_flour,modification_step,application_property,trap_type,reason
syn1,doi1,Effect of Enzymatic Crosslinking on Gel Strength and Water Holding Capacity of Bovine Gelatin,"Gelatin is a widely used protein ingredient valued for its gelling and water holding properties, but native gelatin gels are often thermally unstable. This study investigated microbial transglutaminase treatment (0 to 10 U/g protein) on bovine hide gelatin. Crosslinked gelatin exhibited a 42% increase in gel strength and improved water holding capacity from 68% to 89% compared to untreated controls. SDS-PAGE confirmed high molecular weight polymer formation. These results suggest enzymatic modification is an effective strategy for enhancing the functional performance of gelatin-based food systems.",irrelevant,animal,bovine hide,protein,transglutaminase crosslinking,"gel strength, water?holding capacity, molecular weight polymer formation (SDS?PAGE), functional performance for gelatin?based food systems",animal_source,
syn2,doi2,Ultrasound-Assisted Modification of Egg White Protein Foaming Properties,"Foaming capacity is a critical functional property for protein ingredients used in bakery and confectionery applications. This work examined the impact of high intensity ultrasound (20 kHz, 100 to 400 W) on egg white protein isolate. Ultrasonicated samples showed foaming capacity increased from 112% to 187%, while foam stability after 30 minutes improved by 35%. Particle size analysis revealed partial protein unfolding without significant aggregation. Circular dichroism confirmed secondary structure changes consistent with increased surface hydrophobicity. Ultrasound treatment is proposed as a mild, non-thermal method to enhance egg protein functionality.",irrelevant,animal,egg white,isolate,high?intensity ultrasound,"foaming capacity, foam stability, particle size, protein unfolding, secondary structure changes, surface hydrophobicity, functional enhancement for bakery/confectionery applications",animal_source,
syn3,doi3,pH-Shifting Processing Improves Solubility of Whey Protein Isolate Under Acidic Conditions,"Whey protein isolate has limited solubility near its isoelectric point, restricting its use in acidic beverages. This study applied pH-shifting treatment (pH 12 for 30 min followed by neutralization) to whey protein isolate and evaluated solubility across pH 3 to 7. Treated samples showed solubility increases from 22% to 71% at pH 4.5. Differential scanning calorimetry indicated partial denaturation and refolding during processing. Zeta potential measurements confirmed altered surface charge distribution. The pH-shifting approach offers a practical route to expand whey protein isolate applications in low pH food formulations.",irrelevant,animal,whey,isolate,pH?shifting,"solubility (pH 3–7), thermal behavior (DSC), surface charge (zeta potential), denaturation/refolding, applicability in acidic/low?pH food formulations",animal_source,
syn4,doi4,High Hydrostatic Pressure Treatment Enhances Emulsifying Activity of Porcine Blood Plasma Protein,"Porcine blood plasma protein is an underutilized byproduct with potential as a functional food ingredient. High hydrostatic pressure (200 to 600 MPa, 10 min) was applied to evaluate changes in emulsifying activity and emulsion stability. Emulsifying activity index increased from 18.4 to 34.7 m2/g following 400 MPa treatment, while emulsion stability improved by 28%. Protein solubility and surface hydrophobicity both increased with pressure level up to 400 MPa before declining at higher pressures. Results indicate moderate pressure treatment can improve the functional properties of blood plasma protein for meat product applications.",irrelevant,animal,porcine blood,none,High hydrostatic pressure,"emulsifying activity, emulsion stability, protein solubility, surface hydrophobicity, functional improvement for meat product applications",animal_source,
syn5,doi5,Glycation via Maillard Reaction Improves Emulsifying Stability of Chicken Egg Yolk Protein,"Chicken egg yolk protein is commonly used as an emulsifier, though its stability under thermal processing is limited. This study conjugated egg yolk protein with dextran through controlled dry heating (60 degrees C, 60% relative humidity) to induce Maillard-type glycation. Glycated samples exhibited a 45% improvement in emulsion stability after heat treatment at 90 degrees C and reduced droplet coalescence during 14 days of storage. FTIR spectra confirmed covalent conjugation between protein and polysaccharide. Glycation is presented as an effective strategy for improving the thermal functional stability of egg yolk-based emulsifiers.",irrelevant,animal,chicken egg yolk,protein,Maillard?type glycation,"emulsion stability, thermal stability, droplet coalescence resistance, storage stability, covalent conjugation (FTIR), functional enhancement for egg?yolk emulsifiers",animal_source,
syn6,doi6,Phosphorylation Modification of Bovine Casein Micelles and Its Effect on Solubility and Gelation,"Bovine casein is widely applied in dairy formulations due to its gelation and solubility characteristics. This study used sodium tripolyphosphate treatment to induce phosphorylation of casein micelles and assessed resulting functional changes. Phosphorylated casein showed a 30% increase in solubility at neutral pH and formed gels with 25% higher storage modulus than untreated casein. Calcium binding capacity increased significantly following modification, as confirmed by atomic absorption spectroscopy. The findings demonstrate that phosphorylation is a viable chemical modification route for tailoring casein functionality in dairy product development.",irrelevant,animal,Bovine casein,protein,sodium tripolyphosphate treatment,"solubility, gel storage modulus, calcium?binding capacity, functional tailoring for dairy product development",animal_source,
syn7,doi7,Effect of Pulsed Electric Field Processing on Foaming and Viscosity of Duck Egg White Protein,Duck egg white protein possesses functional properties similar to chicken egg white but remains comparatively understudied. This research applied pulsed electric field treatment (15 to 25 kV/cm) to duck egg white protein isolate and measured resulting changes in foaming capacity and apparent viscosity. Treated samples exhibited foaming capacity gains of up to 52% and a viscosity reduction of 18% at 100 s-1 shear rate. Protein unfolding and increased free sulfhydryl content were confirmed by fluorescence spectroscopy. These results support pulsed electric field as a non-thermal processing method for modifying egg-derived protein functionality.,irrelevant,animal,duck egg white,protein,pulsed electric field,"foaming capacity, apparent viscosity, protein unfolding, free sulfhydryl content, functional enhancement via non?thermal processing",animal_source,
syn8,doi8,Microwave Treatment Alters Thermal Stability and Gel Properties of Sheep Milk Whey Protein,"Sheep milk whey protein is gaining interest as an alternative dairy ingredient with distinct functional characteristics. In this study, microwave treatment (700 W, 30 to 90 s) was used to modify sheep whey protein isolate, and its thermal stability and gelation behavior were evaluated. Denaturation temperature increased by 4.2 degrees C after 60 s treatment, and gel hardness improved by 33% compared to untreated protein. Differential scanning calorimetry and rheological analysis confirmed structural reorganization consistent with partial protein aggregation. Microwave processing is proposed as a rapid method for enhancing whey protein functional performance.",irrelevant,animal,sheep milk whey,protein,microwave treatment,"thermal stability, denaturation temperature, gel hardness, structural reorganization, partial aggregation, functional enhancement for whey?protein applications",animal_source,
syn9,doi9,Ultrafiltration Fractionation Improves Water Holding Capacity of Bovine Hide Collagen Hydrolysate,"Collagen hydrolysates derived from bovine hide are commonly incorporated into food products for their water binding and textural contributions. This study fractionated collagen hydrolysate by ultrafiltration into three molecular weight ranges and evaluated water holding capacity and viscosity. The 3 to 10 kDa fraction exhibited water holding capacity of 6.8 g/g, significantly higher than the unfractionated hydrolysate at 4.1 g/g. Amino acid composition analysis showed enrichment of glycine and proline in the higher functionality fraction. These findings support molecular weight fractionation as a means to enhance collagen hydrolysate functionality for food applications.",irrelevant,animal,bovine hide,protein,ultrafiltration fractionation,"water holding capacity, viscosity, amino acid composition (glycine, proline enrichment), functional enhancement for food applications",animal_source,
syn10,doi10,Deamidation Treatment Enhances Solubility and Interfacial Properties of Pork Skin Gelatin,"Pork skin gelatin exhibits limited solubility and interfacial activity at neutral pH, restricting its use in acidic and low ionic strength systems. This study applied enzymatic deamidation using protein glutaminase to modify pork skin gelatin and evaluated resulting functional properties. Deamidated gelatin showed a 3.5-fold increase in solubility at pH 7 and a 40% reduction in interfacial tension at the oil water interface. Circular dichroism spectra indicated reduced triple helix content following treatment. The results indicate deamidation is an effective strategy for broadening the functional application range of gelatin.",irrelevant,animal,pork skin,protein,enzymatic deamidation (protein glutaminase),"solubility, interfacial tension, triple?helix content, functional expansion for acidic/low?ionic systems",animal_source,
syn11,doi11,Freeze-Drying Process Parameters Affect Aggregation Behavior and Solubility of Goat Milk Casein,"Goat milk casein is valued for its distinct micelle structure and potential hypoallergenic properties, yet processing effects on its functionality remain underexplored. This study examined how freeze-drying shelf temperature (minus 40 to minus 10 degrees C) influenced goat casein aggregation and solubility. Samples dried at minus 10 degrees C exhibited greater particle aggregation and a solubility decrease to 61%, compared to 88% for samples dried at minus 40 degrees C. Scanning electron microscopy revealed denser, more collapsed microstructures at higher drying temperatures. Optimized freeze-drying conditions are recommended to preserve goat casein functional solubility.",irrelevant,animal,goat milk casein ,protein,freeze?drying shelf temperature,"aggregation, solubility, microstructure (SEM), functional preservation via optimized drying conditions",animal_source,
syn12,doi12,Acid Hydrolysis Modification of Chicken Feather Keratin for Improved Foaming and Emulsifying Properties,"Chicken feather keratin is a low-value poultry byproduct with potential for upcycling into functional protein ingredients. This study applied controlled acid hydrolysis (0.5 to 2.0 M HCl) to feather keratin and assessed resulting foaming and emulsifying properties. Foaming capacity increased from 8% in native keratin to 64% after moderate hydrolysis, while emulsifying activity index rose to 22.1 m2/g. Molecular weight distribution analysis confirmed hydrolysis produced peptides predominantly in the 2 to 15 kDa range. These results suggest acid hydrolysis can convert keratin byproducts into viable functional protein ingredients.",irrelevant,animal,chicken feathers,none,controlled acid hydrolysis,"foaming capacity, emulsifying activity, molecular?weight distribution (2–15?kDa peptides), functional conversion of keratin into usable protein ingredients",animal_source,
syn13,doi13,Spray Drying Conditions Influence Rheological Properties and Gelation of Beef Myofibrillar Protein Isolate,"Beef myofibrillar protein contributes essential gelation and viscosity characteristics to processed meat products. This study evaluated the effect of spray drying inlet temperature (150 to 190 degrees C) on the rheological and gel-forming properties of extracted myofibrillar protein isolate. Protein dried at 170 degrees C retained the highest gel storage modulus and lowest denaturation loss, while higher temperatures caused a 38% reduction in gelation capacity. Protein solubility declined progressively with increasing drying temperature. Findings indicate that moderate spray drying temperatures best preserve the functional gelation properties of myofibrillar protein isolate.",irrelevant,animal,beef muscle,isolate,spray drying,"gel storage modulus, denaturation loss, gelation capacity, solubility, functional preservation via moderate drying temperature",animal_source,
syn14,doi14,Effect of Dry Heat Treatment on Solubility and Emulsifying Properties of Camel Milk Casein,"Camel milk casein differs structurally from bovine casein and has drawn interest for novel dairy applications. This study subjected camel milk casein to dry heat treatment (100 to 140 degrees C, up to 60 min) and measured changes in solubility and emulsifying activity. Moderate heating at 120 degrees C for 30 min increased solubility by 19% and emulsifying activity index by 24%, while prolonged heating above 45 min caused excessive aggregation and reduced functionality. Free sulfhydryl group analysis indicated partial unfolding without extensive crosslinking under optimal conditions. Controlled dry heating is proposed as a means to tailor camel casein functional properties.",irrelevant,animal,camel milk ,protein ,controlled dry heating,"solubility, emulsifying activity, aggregation, free sulfhydryl content, functional tailoring via optimized dry?heat treatment",animal_source,
syn15,doi15,Enzymatic Hydrolysis Modifies Viscosity and Water Holding Capacity of Rabbit Meat Protein Concentrate,Rabbit meat protein concentrate is an emerging lean protein ingredient with potential functional applications in processed foods. This study applied papain hydrolysis (0.5 to 3% enzyme to substrate ratio) to rabbit meat protein concentrate and assessed resulting viscosity and water holding capacity. Mild hydrolysis (1% enzyme) increased water holding capacity from 3.2 to 5.6 g/g while reducing apparent viscosity by 45% at 50 s-1 shear rate. Degree of hydrolysis was confirmed by ninhydrin assay and SDS-PAGE peptide profiling. These results suggest controlled enzymatic hydrolysis is an effective method for tuning rabbit protein concentrate functionality in food systems.,irrelevant,animal,rabbit meat,protein ,papain hydrolysis,"water holding capacity, apparent viscosity, degree of hydrolysis (ninhydrin, SDS?PAGE), functional tuning for food systems",animal_source,
syn16,doi16,Ultrasonication Improves Solubility and Foaming Properties of Mealworm (Tenebrio molitor) Protein Isolate,"Mealworm larvae are gaining attention as an alternative protein source with potential food industry applications, though their protein isolates often show limited functionality. This study applied high intensity ultrasound (20 kHz, 100 to 400 W, 10 min) to Tenebrio molitor protein isolate and evaluated resulting solubility and foaming behavior. Solubility increased from 24% to 58% at pH 7, and foaming capacity rose from 15% to 47% following treatment. Particle size analysis confirmed partial disaggregation of protein bodies without extensive structural unfolding. These results indicate ultrasonication is an effective non-thermal strategy for enhancing mealworm protein functionality.",irrelevant,insect,mealworm (Tenebrio molitor),isolate,high?intensity ultrasound,"solubility, foaming capacity, particle size/disaggregation, non?thermal functional enhancement",insect_source,
syn17,doi17,Enzymatic Hydrolysis Enhances Emulsifying Activity of Black Soldier Fly Larvae Protein Concentrate,"Black soldier fly larvae represent a sustainable protein source with growing interest for food and feed applications, though native protein concentrates exhibit poor emulsifying performance. This study used Alcalase hydrolysis (0.5 to 2.0% enzyme to substrate ratio) to modify black soldier fly protein concentrate and assessed emulsifying activity and stability. Mild hydrolysis (1%) increased emulsifying activity index from 12.3 to 28.6 m2/g and improved emulsion stability by 33% over 24 hours. Degree of hydrolysis was confirmed by trinitrobenzenesulfonic acid assay. Controlled enzymatic hydrolysis is proposed as a practical route to improve the functional performance of black soldier fly protein for food formulation.",irrelevant,insect,black soldier fly larvae,concentrate,enzymatic Alcalase hydrolysis,"emulsifying activity, emulsion stability",insect_source,
syn18,doi18,pH-Shifting Treatment Modifies Gelation Behavior of Silkworm Pupae Protein Isolate,"Silkworm pupae, a byproduct of the silk industry, contain substantial protein that could be valorized for food applications, but gelation properties of extracted isolates remain poorly characterized. This study applied alkaline pH-shifting (pH 11 for 30 min, followed by isoelectric precipitation) to silkworm pupae protein isolate and evaluated gel formation under heat treatment. Treated protein formed gels with 38% higher storage modulus and improved water holding capacity compared to conventionally extracted isolate. Circular dichroism confirmed increased beta-sheet content associated with the pH-shifting process. The results support pH-shifting as an effective modification method for improving silkworm pupae protein gelation functionality.",irrelevant,insect,silkworm pupae,isolate,alkaline pH?shifting,"gel storage modulus, water holding capacity, ??sheet content (CD), improved gelation functionality",insect_source,
syn19,doi19,High Pressure Processing Effects on Viscosity and Water Holding Capacity of House Cricket Protein Concentrate,"House crickets (Acheta domesticus) are widely studied as an edible insect protein source, yet processing effects on their rheological properties remain incompletely understood. This study subjected cricket protein concentrate to high pressure processing (200 to 500 MPa, 10 min) and measured resulting changes in apparent viscosity and water holding capacity. Water holding capacity increased from 3.4 to 5.9 g/g at 400 MPa, while viscosity at 50 s-1 shear rate decreased by 22%. Protein solubility and surface hydrophobicity both increased with pressure level up to 400 MPa before plateauing. These findings suggest moderate high pressure treatment can enhance the functional properties of cricket protein concentrate for food applications.",irrelevant,insect,house crickets (Acheta domesticus),isolate,high?pressure processing ,"water holding capacity, apparent viscosity, solubility, surface hydrophobicity, functional enhancement via moderate pressure treatmen",insect_source,
syn20,doi20,Glycation via Maillard Reaction Improves Thermal Stability of Grasshopper Protein Isolate Emulsions,"Grasshopper protein isolate has demonstrated emulsifying potential, but its stability under thermal processing conditions is limited. This study conjugated grasshopper protein isolate with maltodextrin through controlled dry heating (60 degrees C, 65% relative humidity, up to 5 days) to induce glycation. Glycated protein exhibited a 40% improvement in emulsion stability after heating at 85 degrees C and reduced droplet coalescence during 10 days of storage. FTIR spectroscopy confirmed covalent conjugation between protein and polysaccharide chains. Glycation is presented as an effective approach for improving the thermal functional stability of grasshopper protein-based emulsifiers.",irrelevant,insect,grasshopper,protein,maltodextrin glycation via controlled dry heating,"emulsion stability (thermal + storage), droplet coalescence, FTIR?confirmed covalent conjugation, improved thermal functional stability",insect_source,
syn21,doi21,Effect of Defatting Method on Solubility and Foaming Capacity of Housefly Larvae Protein Powder,"Housefly larvae protein has been proposed as a low-cost alternative protein source, though residual lipid content can interfere with functional performance. This study compared hexane extraction and supercritical CO2 defatting on housefly larvae protein powder and evaluated resulting solubility and foaming capacity. Supercritical CO2 defatted protein showed higher solubility (64% vs 41% at pH 7) and greater foaming capacity (58% vs 32%) compared to hexane defatted samples. Residual lipid content was significantly lower following supercritical extraction, as confirmed by Soxhlet analysis. These results demonstrate that defatting method substantially influences the functional properties of housefly larvae protein powder.",irrelevant,insect,housefly larvae,protein,deaffting,"solubility, foaming capacity, residual lipid content (Soxhlet), functional improvement via supercritical CO? extraction",insect_source,
syn22,doi22,Transglutaminase Crosslinking Enhances Gel Strength of Locust Protein Isolate,"Locusts have attracted interest as a scalable edible insect protein source, but their isolates often form weak, brittle gels unsuitable for structured food applications. This study used microbial transglutaminase (0 to 8 U/g protein) to crosslink locust protein isolate and assessed resulting gel strength and water holding capacity. Crosslinked gels exhibited a 46% increase in gel strength and improved water holding capacity from 62% to 84%. SDS-PAGE confirmed formation of high molecular weight polymers consistent with enzymatic crosslinking. These findings indicate transglutaminase treatment is an effective strategy for improving the gelation functionality of locust protein isolate.",irrelevant,insect,locust,protein,microbial transglutaminase crosslinking,"gel strength, water holding capacity.",insect_source,
syn23,doi23,Pulsed Electric Field Processing Alters Foaming and Interfacial Properties of Buffalo Worm Protein Extract,"Buffalo worms (Alphitobius diaperinus) are an emerging edible insect species with potential functional protein applications, though processing effects on interfacial behavior are limited. This study applied pulsed electric field treatment (10 to 25 kV/cm) to buffalo worm protein extract and measured changes in foaming capacity and interfacial tension. Treated samples exhibited foaming capacity increases of up to 49% and a reduction in oil water interfacial tension of 32%. Free sulfhydryl content increased following treatment, indicating partial protein unfolding, as confirmed by fluorescence spectroscopy. These results support pulsed electric field processing as a non-thermal method for enhancing buffalo worm protein functionality.",irrelevant,insect,buffalo worms (Alphitobius diaperinus),protein,pulsed electric field,"foaming capacity, interfacial tension, free sulfhydryl content, partial unfolding (fluorescence), non?thermal functional enhancement",insect_source,
syn24,doi24,Spray Drying Inlet Temperature Influences Rheological Properties of Termite Protein Concentrate,"Termite protein concentrate has been explored as a regionally relevant alternative protein ingredient, but drying conditions affecting its functional performance are not well characterized. This study evaluated spray drying inlet temperature (140 to 180 degrees C) on rheological and solubility properties of extracted termite protein concentrate. Protein dried at 160 degrees C retained the highest solubility and lowest viscosity loss, while higher temperatures caused a 35% decline in solubility. Differential scanning calorimetry indicated increasing protein denaturation with rising drying temperature. Findings suggest moderate spray drying temperatures best preserve the functional properties of termite protein concentrate.",irrelevant,insect,termite,concentrate,spray drying,"solubility, viscosity, protein denaturation (DSC), functional preservation via moderate drying temperature",insect_source,
syn25,doi25,Acid Hydrolysis Modification of Waxworm Protein for Improved Foaming and Emulsifying Properties,"Waxworms are increasingly studied as an edible insect source with high lipid and protein content, though their native protein exhibits limited functional versatility. This study applied controlled acid hydrolysis (0.5 to 1.5 M HCl) to waxworm protein extract and assessed resulting foaming and emulsifying properties. Foaming capacity increased from 11% in native protein to 55% after moderate hydrolysis, while emulsifying activity index rose to 19.8 m2/g. Molecular weight distribution analysis confirmed hydrolysis produced peptides predominantly in the 3 to 12 kDa range. These results suggest acid hydrolysis can substantially improve the functional performance of waxworm protein extract.",irrelevant,insect,waxworms,protein,controlled acid hydrolysis,"foaming capacity, emulsifying activity, molecular?weight distribution (3–12?kDa peptides), improved functional performance",insect_source,
syn26,doi26,Freeze-Drying Conditions Affect Aggregation and Solubility of Superworm Protein Isolate,"Superworms (Zophobas morio) are a candidate alternative protein source for food applications, yet drying-induced structural changes affecting solubility remain underexplored. This study examined how freeze-drying shelf temperature (minus 40 to minus 15 degrees C) influenced superworm protein isolate aggregation and solubility. Samples dried at minus 15 degrees C exhibited greater particle aggregation and reduced solubility (57%) compared to 85% for samples dried at minus 40 degrees C. Scanning electron microscopy revealed denser, more collapsed microstructures at higher drying temperatures. Optimized freeze-drying conditions are recommended to preserve the functional solubility of superworm protein isolate.",irrelevant,insect,superworms (Zophobas morio),protein,spray drying,"solubility, aggregation, microstructure (SEM), functional preservation via optimized low?temperature drying",insect_source,
syn27,doi27,Deamidation Treatment Enhances Interfacial Properties of Palm Weevil Larvae Protein Isolate,"Palm weevil larvae are a traditionally consumed edible insect with potential as a functional protein ingredient, though native isolates show limited interfacial activity. This study applied enzymatic deamidation using protein glutaminase to modify palm weevil larvae protein isolate and evaluated resulting emulsifying and foaming properties. Deamidated protein showed a 2.8 fold increase in emulsifying activity index and a 41% reduction in oil water interfacial tension. Circular dichroism spectra indicated increased random coil content following treatment. The results indicate deamidation is an effective strategy for broadening the functional application range of palm weevil larvae protein.",irrelevant,insect,palm weevil larvae,isolate,enzymatic deamidation (protein glutaminase),"emulsifying activity, interfacial tension, random coil content (CD), broadened functional application range",insect_source,
syn28,doi28,Microwave-Assisted Extraction Improves Yield and Solubility of Grub Protein Concentrate,"Beetle grub protein concentrate has drawn interest as a nutrient-dense alternative protein source, though extraction method strongly influences functional recovery. This study compared conventional alkaline extraction to microwave-assisted alkaline extraction (700 W, 60 to 180 s) for grub protein concentrate and measured yield and solubility. Microwave-assisted extraction increased protein yield from 58% to 79% and improved solubility at pH 7 from 33% to 62%. Particle size analysis indicated more efficient cell disruption under microwave treatment. These results suggest microwave-assisted extraction is a practical method for improving both yield and functional solubility of grub protein concentrate.",irrelevant,insect,beetle grubs,concentrate,"microwave?assisted alkaline extraction (700?W, 60–180?s) vs conventional alkaline extraction","protein yield, solubility, particle size/cell disruption, improved functional recovery",insect_source,
syn29,doi29,Ultrasound-Assisted Modification of Ant Protein Isolate Foaming and Emulsifying Behavior,"Edible ants represent a traditionally consumed but understudied insect protein source with potential functional applications. This study applied high intensity ultrasound (20 kHz, 150 to 350 W) to ant protein isolate and evaluated resulting foaming capacity and emulsifying activity. Ultrasonicated samples showed foaming capacity increases from 9% to 41% and emulsifying activity index gains from 14.2 to 26.5 m2/g. Surface hydrophobicity increased with treatment intensity, as confirmed by fluorescence probe analysis, without significant protein aggregation. Ultrasound treatment is proposed as a mild processing method to enhance the functional properties of ant protein isolate for food use.",irrelevant,insect,edible ants,isolate,high?intensity ultrasound,"foaming capacity, emulsifying activity, surface hydrophobicity (fluorescence), mild functional enhancement without aggregation",insect_source,
syn30,doi30,Effect of Alkaline Extraction pH on Gelation and Water Holding Capacity of Beetle Protein Isolate,"Darkling beetle protein isolate has been proposed as a functional food ingredient, though extraction conditions strongly affect its gelling behavior. This study evaluated alkaline extraction at pH 9 to 12 on beetle protein isolate and assessed resulting gelation and water holding capacity. Extraction at pH 11 produced protein isolate with the highest gel storage modulus and water holding capacity of 78%, compared to 52% at pH 9. Protein solubility and extraction yield both increased with rising extraction pH up to 11 before declining at pH 12. These findings indicate that alkaline extraction pH is a critical parameter for optimizing beetle protein isolate functional gelation properties.",irrelevant,insect,darkling beetles,protein,alkaline extraction,"gel storage modulus, water holding capacity, solubility, extraction yield, optimized gelation functionality",insect_source,
syn31,doi31,Isolation and Functional Characterization of a Novel Exopolysaccharide from Bacillus subtilis WX-17 Fermentation Broth,"A novel exopolysaccharide, designated bsEPS, was recovered from Bacillus subtilis WX-17 fermentation broth by ethanol precipitation followed by anion exchange and gel filtration chromatography. Structural analysis by FTIR and NMR revealed a heteropolysaccharide backbone composed of glucose, mannose, and galactose in a 3:2:1 ratio, with a molecular weight of 4.2 x 10^4 g/mol. The purified exopolysaccharide showed solubility exceeding 90% at neutral pH and formed viscoelastic gels at concentrations above 2%, with emulsifying activity index of 24.6 m2/g against soybean oil. These findings suggest bsEPS is a promising functional biopolymer for food thickening and stabilizing applications.",irrelevant,microbial,Bacillus subtilis WX?17, exopolysaccharid,fermentation,"solubility (>90% at pH 7), viscoelastic gel formation (>2%), emulsifying activity (24.6?m²/g), functional thickening/stabilizing potential",microbial_source,
syn32,doi32,Solubility and Emulsifying Properties of Single Cell Protein Extracted from Saccharomyces cerevisiae Biomass,"Single cell protein derived from brewer's yeast biomass represents an alternative protein source for food fortification, though its functional performance has been inconsistently reported. This study extracted protein from Saccharomyces cerevisiae biomass using alkaline solubilization followed by isoelectric precipitation and evaluated resulting solubility and emulsifying activity. The isolate exhibited solubility of 68% at pH 7 and an emulsifying activity index of 19.3 m2/g, with emulsion stability of 82% after 24 hours. Amino acid analysis confirmed a favorable essential amino acid profile comparable to conventional protein sources. Results support yeast-derived single cell protein as a viable functional ingredient for food formulation.",irrelevant,microbial,brewer's yeast,biomass,alkaline solubilization ? isoelectric precipitation,"solubility (68% at pH?7), emulsifying activity (19.3?m²/g), emulsion stability (82%/24?h), essential amino acid profile, functional ingredient viability",microbial_source,
syn33,doi33,Enzymatic Modification of Curdlan Gum Produced by Agrobacterium sp. and Its Effect on Gelation Behavior,"Curdlan, a linear beta-1,3-glucan produced by Agrobacterium sp. through submerged fermentation, is valued for its unique thermogelling properties in food systems. This study applied controlled enzymatic modification using beta-glucanase to partially hydrolyze curdlan gum and assessed resulting gel strength and water holding capacity. Mild enzymatic treatment (0.1% enzyme, 30 min) reduced gel storage modulus by 22% while increasing water holding capacity from 71% to 89%. Molecular weight distribution analysis by gel permeation chromatography confirmed partial chain scission. These results demonstrate that enzymatic modification can be used to tailor curdlan gelation functionality for specific food applications.",irrelevant,microbial,Agrobacterium sp.,protein,"fermentation, controlled enzymatic partial hydrolysis ","gel strength, water holding capacity , molecular?weight reduction (GPC), tailored gelation functionality",microbial_source,
syn34,doi34,Optimization of Exopolysaccharide Production by Lactobacillus helveticus MB2-1 and Evaluation of Its Functional Properties,"Exopolysaccharide-producing strain MB2-1, isolated from traditional fermented dairy product, was identified as Lactobacillus helveticus through 16S rRNA sequencing. Fermentation conditions including carbon source, temperature, and incubation time were optimized using response surface methodology, achieving a maximum exopolysaccharide yield of 3.8 g/L. The purified exopolysaccharide exhibited apparent viscosity of 420 mPa.s at 10 s-1 shear rate and demonstrated pseudoplastic flow behavior characteristic of food thickening agents. Water holding capacity of the exopolysaccharide reached 12.4 g/g, substantially higher than commercial xanthan gum controls. These findings indicate strain MB2-1 exopolysaccharide has potential as a functional food additive.",irrelevant,microbial,Lactobacillus helveticus MB2?1,polysaccharide,"fermentation optimization (carbon source, temperature, incubation time) and purification (ethanol precipitation, anion exchange, gel filtration)","viscosity, pseudoplastic flow behavior, water holding capacity, functional thickening and stabilizing potential",microbial_source,
syn35,doi35,Ultrasound-Assisted Extraction Improves Solubility and Foaming Capacity of Mycoprotein Isolated from Fusarium venenatum,"Mycoprotein derived from Fusarium venenatum biomass is an established meat alternative ingredient, though extraction method significantly influences its functional performance. This study applied high intensity ultrasound (20 kHz, 100 to 300 W) during alkaline extraction of mycoprotein and evaluated resulting solubility and foaming properties. Ultrasound-assisted extraction increased protein solubility from 31% to 57% at pH 7 and improved foaming capacity from 18% to 44%. Particle size analysis confirmed enhanced cell wall disruption under ultrasound treatment. These results suggest ultrasound-assisted extraction is an effective method for improving the functional properties of fungal biomass-derived mycoprotein.",irrelevant,microbial,Fusarium venenatum,isolate,ultrasound?assisted alkaline extraction,"solubility, foaming capacity, particle size reduction, improved functional properties",microbial_source,
syn36,doi36,Structural Characterization and Emulsifying Behavior of a Novel Exopolysaccharide from Halophilic Strain Salinivibrio sp. TX-9,"A novel exopolysaccharide, named svEPS, was isolated from the high-salt fermentation broth of a newly characterized halophilic strain, Salinivibrio sp. TX-9, through ethanol precipitation and chromatographic purification. Monosaccharide composition analysis revealed the polymer consisted primarily of mannose, glucuronic acid, and rhamnose, with a molecular weight of 6.7 x 10^4 g/mol. The purified exopolysaccharide displayed strong emulsifying activity index of 31.2 m2/g against sunflower oil and maintained emulsion stability above 85% after two weeks of storage. Rheological testing confirmed shear thinning behavior consistent with functional food-grade hydrocolloids. These findings support svEPS as a candidate natural emulsifier for food applications.",irrelevant,microbial,Salinivibrio sp. TX?9,exopolysaccharide,ethanol precipitation and chromatographic purification; fermentation optimization,"emulsifying activity, emulsion stability, rheology (shear thinning), functional hydrocolloid potential",microbial_source,
syn37,doi37,Effect of Fermentation Time on Gelation and Water Holding Capacity of Pullulan Produced by Aureobasidium pullulans,"Pullulan is a water-soluble exopolysaccharide produced by Aureobasidium pullulans with recognized film-forming and gelling applications in food packaging and formulation. This study evaluated the effect of fermentation time (24 to 96 hours) on pullulan yield and functional properties. Pullulan harvested at 72 hours exhibited maximum yield of 28 g/L along with the highest gel water holding capacity of 15.6 g/g among tested time points. Molecular weight decreased progressively with extended fermentation time, as determined by size exclusion chromatography. Results indicate that fermentation duration is a critical parameter for optimizing the functional gelling properties of pullulan for food use.",irrelevant,microbial,Aureobasidium pullulans,polysaccharide,fermentation,"yield, water holding capacity, molecular weight, functional gelling properties",microbial_source,
syn38,doi38,Spray Drying Conditions Influence Solubility and Viscosity of Microbial Protein Isolate from Methylococcus capsulatus,"Methylococcus capsulatus biomass, produced through methanotrophic fermentation, is being investigated as a scalable alternative protein source for food and feed applications. This study examined spray drying inlet temperature (150 to 190 degrees C) effects on the functional properties of extracted microbial protein isolate. Protein dried at 170 degrees C retained the highest solubility (61%) and lowest viscosity at 50 s-1 shear rate, while higher temperatures caused a 34% decline in solubility due to increased denaturation. Differential scanning calorimetry confirmed progressive structural changes with rising drying temperature. Moderate spray drying temperatures are recommended to preserve the functional properties of Methylococcus capsulatus protein isolate.",irrelevant,microbial,Methylococcus capsulatus,isolate,spray drying inlet temperature,"solubility, viscosity, thermal stability (DSC), preservation of functional properties",microbial_source,
syn39,doi39,pH-Shifting Treatment Enhances Foaming and Emulsifying Properties of Spirulina-Derived Phycocyanin Protein Complex,"Phycocyanin, a pigment protein complex extracted from the cyanobacterium Arthrospira platensis, has functional potential beyond its use as a natural colorant. This study applied alkaline pH-shifting (pH 11 for 20 min, followed by isoelectric precipitation) to phycocyanin protein complex and evaluated resulting foaming and emulsifying behavior. Treated samples exhibited foaming capacity increases from 14% to 39% and emulsifying activity index gains from 11.8 to 22.4 m2/g. Circular dichroism confirmed partial unfolding of the phycobiliprotein structure following treatment. The results indicate pH-shifting is an effective modification strategy for broadening the functional applications of cyanobacterial phycocyanin protein.",irrelevant,microbial,Arthrospira platensis,protein,"alkaline pH?shifting (pH?11, 20?min) followed by isoelectric precipitation","foaming capacity, emulsifying activity, structural unfolding (CD), broadened functional applications",microbial_source,
syn40,doi40,Genome Analysis and Functional Evaluation of Exopolysaccharide Produced by Weissella cibaria HN31 from Fermented Rice Wine,"Exopolysaccharide-producing strain HN31, isolated from traditional fermented rice wine, was identified as Weissella cibaria based on whole genome sequencing with 285x coverage and a genome size of 2.41 Mb. Genomic analysis identified biosynthetic gene clusters associated with dextran-type exopolysaccharide production. The purified exopolysaccharide exhibited a molecular weight of 8.9 x 10^5 g/mol and demonstrated water holding capacity of 18.2 g/g along with pseudoplastic rheological behavior. Gel formation was observed at concentrations above 3%, with storage modulus exceeding loss modulus across the tested frequency range. These findings position Weissella cibaria HN31 exopolysaccharide as a promising functional food hydrocolloid.",irrelevant,microbial,Weissella cibaria HN31,exopolysaccharide,"fermentation, genomic identification, purification (ethanol precipitation and chromatography)","molecular weight, water holding capacity, rheology (pseudoplastic behavior), gel formation, functional hydrocolloid potential",microbial_source,
syn41,doi41,Transglutaminase Crosslinking of Filamentous Fungal Protein from Aspergillus oryzae Biomass Improves Gel Strength,"Filamentous fungal biomass from Aspergillus oryzae fermentation is an emerging protein source for meat analogue applications, though native protein forms weak gels unsuitable for structured products. This study used microbial transglutaminase (0 to 10 U/g protein) to crosslink extracted fungal protein and assessed resulting gel strength and water holding capacity. Crosslinked gels showed a 41% increase in storage modulus and improved water holding capacity from 65% to 87%. SDS-PAGE analysis confirmed formation of high molecular weight polymers indicative of enzymatic crosslinking. These findings suggest transglutaminase treatment effectively enhances the gelation functionality of Aspergillus oryzae-derived fungal protein.",irrelevant,microbial,Aspergillus oryzae,fungal protein isolate,transglutaminase?induced crosslinking (0–10?U/g protein),"gel strength, water holding capacity, polymer formation (SDS?PAGE), enhanced gelation functionality",microbial_source,
syn42,doi42,Optimization of Xanthan Gum Production by Xanthomonas campestris and Characterization of Its Rheological Functional Properties,"Xanthan gum, an exopolysaccharide produced by Xanthomonas campestris through aerobic fermentation, is widely applied as a food thickening and stabilizing agent. This study optimized fermentation carbon source and agitation rate to maximize xanthan yield and evaluated resulting rheological properties. Optimized fermentation conditions achieved a yield of 32 g/L, and the resulting xanthan solutions exhibited apparent viscosity of 850 mPa.s at 10 s-1 shear rate with pronounced shear thinning behavior. Water holding capacity of the hydrated gum reached 24.1 g/g, confirming strong functional hydrocolloid performance. These results support optimized fermentation as an approach for enhancing the functional properties of xanthan gum for food applications.",irrelevant,microbial,Xanthomonas campestris,exopolysaccharide,"fermentation optimization (carbon source, agitation rate)","yield, viscosity, shear thinning behavior, water holding capacity, functional hydrocolloid performance",microbial_source,
syn43,doi43,High Pressure Processing Effects on Solubility and Emulsifying Activity of Bacterial Protein Isolate from Cupriavidus necator,"Cupriavidus necator, a hydrogen-oxidizing bacterium, produces protein-rich biomass considered a candidate alternative protein source for food applications. This study subjected extracted bacterial protein isolate to high pressure processing (200 to 500 MPa, 10 min) and measured resulting solubility and emulsifying activity. Solubility increased from 29% to 63% at pH 7 following 400 MPa treatment, while emulsifying activity index rose to 21.7 m2/g. Surface hydrophobicity increased progressively with pressure level, as confirmed by fluorescence probe analysis, up to 400 MPa before declining. These findings indicate moderate high pressure treatment can improve the functional properties of Cupriavidus necator-derived bacterial protein isolate.",irrelevant,microbial,Cupriavidus necator,isolate,high pressure processing,"solubility, emulsifying activity, surface hydrophobicity, improved functional properties",microbial_source,
syn44,doi44,Deamidation Treatment Improves Solubility and Interfacial Properties of Torula Yeast Protein Concentrate,"Torula yeast (Candida utilis) protein concentrate is used in food fortification, though its limited solubility at neutral pH restricts broader functional application. This study applied enzymatic deamidation using protein glutaminase to modify torula yeast protein concentrate and evaluated resulting solubility and interfacial tension. Deamidated protein exhibited a 3.1 fold increase in solubility at pH 7 and a 37% reduction in oil water interfacial tension. Circular dichroism spectra indicated increased random coil content consistent with reduced protein-protein interactions following treatment. The results indicate deamidation is an effective strategy for expanding the functional application range of torula yeast protein concentrate.",irrelevant,microbial,Candida utilis (torula yeast),concentrate,enzymatic deamidation using protein glutaminase,"solubility, interfacial tension, structural changes (CD), expanded functional application range",microbial_source,
syn45,doi45,Freeze-Drying Parameters Affect Aggregation and Water Holding Capacity of Gellan Gum Produced by Sphingomonas elodea,"Gellan gum, an exopolysaccharide produced by Sphingomonas elodea through aerobic fermentation, is a widely used gelling agent in food systems. This study examined how freeze-drying shelf temperature (minus 40 to minus 15 degrees C) influenced gellan gum aggregation behavior and functional properties upon rehydration. Samples dried at minus 15 degrees C exhibited greater particle aggregation and reduced water holding capacity (9.8 g/g) compared to 16.3 g/g for samples dried at minus 40 degrees C. Scanning electron microscopy revealed denser, more collapsed microstructures at higher drying temperatures. Optimized freeze-drying conditions are recommended to preserve the functional water holding capacity of gellan gum for food applications.",irrelevant,microbial,Sphingomonas elodea,exopolysaccharide,freeze?drying shelf temperature variation,"particle aggregation, water holding capacity, microstructure (SEM), functional hydrocolloid performance",microbial_source,
syn46,doi46,Effect of Alkaline Extraction pH on Solubility and Gelation of Protein Isolate from Common Carp Muscle,"Common carp is a widely farmed freshwater fish species with underutilized muscle protein for value added applications. This study extracted protein isolate from carp muscle using alkaline solubilization at pH 10 to 12 and evaluated resulting solubility and gel forming properties. Extraction at pH 11 produced isolate with the highest solubility (74%) and gel storage modulus, compared to lower yields at pH 10. Protein recovery and water holding capacity of formed gels both increased with rising extraction pH up to 11 before declining at pH 12. These findings indicate alkaline extraction pH is a critical parameter for optimizing carp muscle protein isolate functional gelation properties.",irrelevant,seafood,common carp,isolate,alkaline solubilization,"solubility, gel storage modulus, protein recovery, water holding capacity, functional gelation optimization",fish_or_seafood_source,
syn47,doi47,Ultrasound-Assisted Modification Improves Emulsifying Activity of Shrimp Shell Protein Concentrate,"Shrimp processing byproducts, including shell material, contain substantial protein that could be valorized for functional food applications. This study applied high intensity ultrasound (20 kHz, 200 to 500 W, 15 min) to shrimp shell protein concentrate and assessed resulting emulsifying activity and stability. Ultrasonicated samples exhibited emulsifying activity index increases from 13.5 to 27.8 m2/g and emulsion stability improvements of 31% after 24 hours. Particle size analysis confirmed partial protein unfolding without extensive aggregation. Ultrasound treatment is proposed as a non-thermal method for enhancing the functional properties of shrimp shell-derived protein concentrate.",irrelevant,seafood,shrimp shell byproducts,protein,ultrasound treatmen,"emulsifying activity, emulsion stability, particle size reduction, enhanced functional properties",fish_or_seafood_source,
syn48,doi48,Enzymatic Hydrolysis Enhances Foaming and Water Holding Capacity of Squid Mantle Protein Isolate,"Squid mantle protein isolate has potential as a functional food ingredient, though its native foaming performance remains limited. This study used papain hydrolysis (0.5 to 2% enzyme to substrate ratio) to modify squid mantle protein isolate and evaluated resulting foaming capacity and water holding capacity. Mild hydrolysis (1%) increased foaming capacity from 16% to 49% and water holding capacity from 3.6 to 6.2 g/g. Degree of hydrolysis was confirmed by ninhydrin assay and SDS-PAGE peptide profiling. These results suggest controlled enzymatic hydrolysis is an effective method for improving squid mantle protein isolate functionality in food systems.",irrelevant,seafood,squid mantle,isolate,papain hydrolysis (0.5–2% enzyme?to?substrate ratio),"foaming capacity, water holding capacity",fish_or_seafood_source,
syn49,doi49,High Hydrostatic Pressure Treatment Alters Gel Strength and Rheological Properties of Pacific Whiting Surimi,"Pacific whiting surimi is widely used in seafood analogue products, though its gel forming ability is often limited by endogenous proteolytic activity. This study applied high hydrostatic pressure (200 to 600 MPa, 10 min) to surimi paste prior to thermal setting and measured resulting gel strength and rheological behavior. Pressure treatment at 400 MPa increased gel breaking force by 38% and storage modulus by 42% compared to untreated controls. Differential scanning calorimetry indicated pressure-induced protein denaturation consistent with enhanced network formation. These results demonstrate that high hydrostatic pressure is an effective strategy for improving Pacific whiting surimi gel functionality.",irrelevant,seafood,Pacific whiting,protein,"high hydrostatic pressure (200–600?MPa, 10?min) prior to thermal setting",gel forming ability,fish_or_seafood_source,
syn50,doi50,pH-Shifting Processing Improves Solubility of Salmon Frame Protein Isolate Under Acidic Conditions,Salmon processing byproducts including frame material represent an underutilized protein resource with limited solubility near their isoelectric point. This study applied pH-shifting treatment (pH 11 for 30 min followed by neutralization) to salmon frame protein and evaluated solubility across pH 3 to 8. Treated samples showed solubility increases from 19% to 68% at pH 4.5. Differential scanning calorimetry indicated partial denaturation and refolding during processing. Zeta potential measurements confirmed altered surface charge distribution following treatment. The pH-shifting approach offers a practical route to expand salmon frame protein isolate applications in low pH food formulations.,irrelevant,fish,salmon frame byproducts,isolate,"pH?shifting (pH?11 for 30?min, followed by neutralization)","solubility across pH range, thermal behavior (DSC), surface charge (zeta potential), expanded low?pH functionality",fish_or_seafood_source,
syn51,doi51,Glycation via Maillard Reaction Improves Emulsifying Stability of Crab Meat Protein Isolate,"Crab meat protein isolate is valued for its emulsifying capability, though stability under thermal processing conditions remains a challenge. This study conjugated crab meat protein isolate with dextran through controlled dry heating (60 degrees C, 60% relative humidity, up to 5 days) to induce Maillard-type glycation. Glycated samples exhibited a 43% improvement in emulsion stability after heat treatment at 90 degrees C and reduced droplet coalescence during 14 days of storage. FTIR spectra confirmed covalent conjugation between protein and polysaccharide chains. Glycation is presented as an effective strategy for improving the thermal functional stability of crab meat protein-based emulsifiers.",irrelevant,seafood,crab ,isolate,Maillard?type glycation with,"emulsion stability, droplet stability, thermal stability, rheology",fish_or_seafood_source,
syn52,doi52,Transglutaminase Crosslinking Enhances Gel Strength of Cod Fillet Protein Isolate,"Cod fillet protein isolate is commonly incorporated into restructured seafood products, though its native gels are often weak and prone to syneresis. This study used microbial transglutaminase (0 to 10 U/g protein) to crosslink cod fillet protein isolate and assessed resulting gel strength and water holding capacity. Crosslinked gels exhibited a 44% increase in gel strength and improved water holding capacity from 66% to 88%. SDS-PAGE analysis confirmed formation of high molecular weight polymers consistent with enzymatic crosslinking. These findings indicate transglutaminase treatment is an effective strategy for improving the gelation functionality of cod fillet protein isolate.",irrelevant,fish,cod,isolate,enzymatic crosslinking with microbial transglutaminase,"gel strength, water?holding capacity",fish_or_seafood_source,
syn53,doi53,Microwave Treatment Alters Thermal Stability and Foaming Properties of Mussel Protein Concentrate,"Mussel protein concentrate is gaining interest as a byproduct-derived functional ingredient, though thermal processing effects on its foaming performance are not well characterized. This study applied microwave treatment (700 W, 30 to 90 s) to mussel protein concentrate and evaluated resulting thermal stability and foaming capacity. Denaturation temperature increased by 3.8 degrees C after 60 s treatment, and foaming capacity improved by 36% compared to untreated protein. Differential scanning calorimetry and dynamic surface tension analysis confirmed structural reorganization consistent with partial protein unfolding. Microwave processing is proposed as a rapid method for enhancing mussel protein concentrate functional performance.",irrelevant,seafood,mussel,isolate,"microwave treatment (700?W, 30–90?s)","thermal stability, foaming capacity",fish_or_seafood_source,
syn54,doi54,Deamidation Treatment Enhances Solubility and Interfacial Properties of Anchovy Protein Hydrolysate,"Anchovy protein hydrolysate exhibits limited solubility and interfacial activity at neutral pH, restricting its use in acidic and low ionic strength food systems. This study applied enzymatic deamidation using protein glutaminase to modify anchovy protein hydrolysate and evaluated resulting functional properties. Deamidated hydrolysate showed a 2.9 fold increase in solubility at pH 7 and a 39% reduction in interfacial tension at the oil water interface. Circular dichroism spectra indicated reduced secondary structure content following treatment. The results indicate deamidation is an effective strategy for broadening the functional application range of anchovy protein hydrolysate.",irrelevant,fish,anchovy,protein,enzymatic deamidation using protein glutaminase,"solubility, interfacial tension, secondary structure",fish_or_seafood_source,
syn55,doi55,Freeze-Drying Process Parameters Affect Aggregation Behavior and Solubility of Scallop Protein Isolate,"Scallop protein isolate is valued for its distinct amino acid profile and potential functional applications, yet drying-induced structural changes remain underexplored. This study examined how freeze-drying shelf temperature (minus 40 to minus 10 degrees C) influenced scallop protein isolate aggregation and solubility. Samples dried at minus 10 degrees C exhibited greater particle aggregation and a solubility decrease to 58%, compared to 86% for samples dried at minus 40 degrees C. Scanning electron microscopy revealed denser, more collapsed microstructures at higher drying temperatures. Optimized freeze-drying conditions are recommended to preserve the functional solubility of scallop protein isolate.",irrelevant,seafood,scallop,isolate,freeze?drying at different shelf temperatures (,"gellation, solubility",fish_or_seafood_source,
syn56,doi56,Acid Hydrolysis Modification of Fish Scale Collagen for Improved Foaming and Emulsifying Properties,"Fish scale collagen is a low-value processing byproduct with potential for upcycling into functional protein ingredients. This study applied controlled acid hydrolysis (0.5 to 2.0 M HCl) to tilapia scale collagen and assessed resulting foaming and emulsifying properties. Foaming capacity increased from 7% in native collagen to 61% after moderate hydrolysis, while emulsifying activity index rose to 20.4 m2/g. Molecular weight distribution analysis confirmed hydrolysis produced peptides predominantly in the 2 to 14 kDa range. These results suggest acid hydrolysis can convert fish scale collagen byproducts into viable functional protein ingredients for food applications.",irrelevant,fish,tillapia,protein,controlled acid hydrolysis,"foaming capacity, emulsifying ac",fish_or_seafood_source,
syn57,doi57,Spray Drying Conditions Influence Rheological Properties and Gelation of Mackerel Myofibrillar Protein Isolate,"Mackerel myofibrillar protein contributes gelation and viscosity characteristics relevant to processed seafood products. This study evaluated the effect of spray drying inlet temperature (150 to 190 degrees C) on the rheological and gel-forming properties of extracted myofibrillar protein isolate. Protein dried at 170 degrees C retained the highest gel storage modulus and lowest denaturation loss, while higher temperatures caused a 37% reduction in gelation capacity. Protein solubility declined progressively with increasing drying temperature. Findings indicate that moderate spray drying temperatures best preserve the functional gelation properties of mackerel myofibrillar protein isolate.",irrelevant,fish,mackerel ,isolate,spray drying at different inlet temperatures,"rheology, gelation capacity, solubility",fish_or_seafood_source,
syn58,doi58,Effect of Dry Heat Treatment on Solubility and Emulsifying Properties of Sea Cucumber Body Wall Protein,"Sea cucumber body wall protein differs structurally from finfish muscle protein and has drawn interest for novel functional food applications. This study subjected sea cucumber body wall protein to dry heat treatment (100 to 140 degrees C, up to 60 min) and measured changes in solubility and emulsifying activity. Moderate heating at 120 degrees C for 30 min increased solubility by 21% and emulsifying activity index by 26%, while prolonged heating above 45 min caused excessive aggregation and reduced functionality. Free sulfhydryl group analysis indicated partial unfolding without extensive crosslinking under optimal conditions. Controlled dry heating is proposed as a means to tailor sea cucumber protein functional properties.",irrelevant,seafood,sea cucumber,protein ,dry heat treatment,"solubility, emulsifying activity",fish_or_seafood_source,
syn59,doi59,Ultrafiltration Fractionation Improves Water Holding Capacity of Tuna Byproduct Protein Hydrolysate,"Protein hydrolysates derived from tuna processing byproducts are commonly incorporated into food products for their water binding and textural contributions. This study fractionated tuna byproduct hydrolysate by ultrafiltration into three molecular weight ranges and evaluated water holding capacity and viscosity. The 3 to 10 kDa fraction exhibited water holding capacity of 7.1 g/g, significantly higher than the unfractionated hydrolysate at 4.3 g/g. Amino acid composition analysis showed enrichment of glycine and glutamic acid in the higher functionality fraction. These findings support molecular weight fractionation as a means to enhance tuna byproduct hydrolysate functionality for food applications.",irrelevant,fish,tuna,protein,ultrafiltration fractionation into molecular?weight ranges,"water?holding capacity, viscosity",fish_or_seafood_source,
syn60,doi60,Phosphorylation Modification of Clam Protein Isolate and Its Effect on Solubility and Gelation,"Clam protein isolate is applied in seafood formulations due to its gelation and solubility characteristics, though functional performance under processing conditions varies widely. This study used sodium tripolyphosphate treatment to induce phosphorylation of clam protein isolate and assessed resulting functional changes. Phosphorylated protein showed a 32% increase in solubility at neutral pH and formed gels with 27% higher storage modulus than untreated protein. Calcium binding capacity increased significantly following modification, as confirmed by atomic absorption spectroscopy. The findings demonstrate that phosphorylation is a viable chemical modification route for tailoring clam protein isolate functionality in seafood product development.",irrelevant,seafood,clam,protein,phosphorylation using sodium tripolyphosphate,"solubility, gelation (storage modulus), calcium?binding capacity",fish_or_seafood_source,
syn61,doi61,High Hydrostatic Pressure Processing Effects on Techno-Functional Properties of Chicken Breast Myofibrillar Protein Isolate,"Chicken breast myofibrillar protein is a key functional component in processed poultry products, though its gel forming performance can be limited under conventional thermal processing. This study applied high hydrostatic pressure (200 to 500 MPa, 10 min) to chicken breast myofibrillar protein isolate and evaluated resulting solubility and gelation properties. Pressure treatment at 350 MPa increased protein solubility from 42% to 71% and improved gel storage modulus by 34% compared to untreated controls. Differential scanning calorimetry confirmed pressure-induced partial denaturation consistent with enhanced network formation. These results demonstrate that moderate high hydrostatic pressure treatment can effectively improve the functional properties of chicken breast myofibrillar protein isolate.",irrelevant,poultry,chicken ,isolate ,"high hydrostatic pressure (200–500?MPa, 10?min)","solubility, gelation (storage modulus)",poultry_source,
syn62,doi62,Ultrasound-Assisted Modification Improves Foaming and Emulsifying Properties of Turkey Breast Protein Concentrate,"Turkey breast protein concentrate is used in processed meat formulations, though its native foaming and emulsifying performance remain suboptimal for certain applications. This study applied high intensity ultrasound (20 kHz, 150 to 400 W, 15 min) to turkey breast protein concentrate and assessed resulting functional properties. Ultrasonicated samples exhibited foaming capacity increases from 19% to 48% and emulsifying activity index gains from 14.6 to 26.9 m2/g. Particle size analysis confirmed partial protein unfolding without significant aggregation. Ultrasound treatment is proposed as a non-thermal method for enhancing the functional performance of turkey breast protein concentrate in food systems.",irrelevant,poultry,turkey,concentrate,"high?intensity ultrasound (20?kHz, 150–400?W, 15?min)","foaming capacity, emulsifying activit",poultry_source,
syn63,doi63,Acid-Aided pH-Shift Processing of Quail Egg Albumen Protein Isolate and Its Techno-Functional Characteristics,"Quail egg albumen represents an underutilized protein source with distinct functional characteristics compared to chicken egg white. This study applied an acid-aided pH-shift process (pH 3 for 30 min followed by neutralization) to recover protein isolate from quail egg albumen and evaluated resulting solubility, foaming, and gelation behavior. The pH-shifted isolate showed solubility of 79% at neutral pH, foaming capacity of 62%, and formed gels with 29% higher storage modulus compared to conventionally recovered albumen protein. Circular dichroism confirmed partial unfolding and refolding of secondary structure during processing. These findings indicate acid-aided pH-shifting is effective for enhancing quail egg albumen protein functionality.",irrelevant,poultry,egg,isolate,acid?aided pH?shift,"solubility, foaming capacity, gelation (storage modulus)",poultry_source,
syn64,doi64,Enzymatic Hydrolysis Enhances Water Holding Capacity and Viscosity of Chicken Liver Protein Hydrolysate,"Chicken liver, a poultry processing byproduct, contains substantial protein that could be valorized for functional food ingredient development. This study used Alcalase hydrolysis (0.5 to 2.5% enzyme to substrate ratio) to modify chicken liver protein and evaluated resulting water holding capacity and apparent viscosity. Mild hydrolysis (1%) increased water holding capacity from 3.1 to 5.8 g/g while reducing viscosity by 41% at 50 s-1 shear rate. Degree of hydrolysis was confirmed by trinitrobenzenesulfonic acid assay and SDS-PAGE peptide profiling. These results suggest controlled enzymatic hydrolysis is an effective strategy for tuning chicken liver protein functionality for food applications.",irrelevant,poultry,chicken liver ,protein ,enzymatic hydrolysis using Alcalase,"water?holding capacity, viscosity",poultry_source,
syn65,doi65,Glycation via Maillard Reaction Improves Thermal Stability of Duck Egg Yolk Protein Emulsions,"Duck egg yolk protein is a commonly used emulsifier in food formulations, though its stability under thermal processing conditions is often limited. This study conjugated duck egg yolk protein with maltodextrin through controlled dry heating (60 degrees C, 65% relative humidity, up to 5 days) to induce glycation. Glycated protein exhibited a 44% improvement in emulsion stability after heating at 90 degrees C and reduced droplet coalescence during 14 days of storage. FTIR spectra confirmed covalent conjugation between protein and polysaccharide chains. Glycation is presented as an effective strategy for improving the thermal functional stability of duck egg yolk-based emulsifiers.",irrelevant,poultry,duck egg yol ,protein ,dry?heating glycation with maltodextrin,emulsion stability,poultry_source,
syn66,doi66,Transglutaminase Crosslinking Enhances Gel Strength of Chicken Gizzard Protein Isolate,"Chicken gizzard, a lean poultry byproduct, is a candidate source of functional protein for restructured food products. This study used microbial transglutaminase (0 to 10 U/g protein) to crosslink chicken gizzard protein isolate and assessed resulting gel strength and water holding capacity. Crosslinked gels exhibited a 42% increase in gel strength and improved water holding capacity from 64% to 86%. SDS-PAGE analysis confirmed formation of high molecular weight polymers consistent with enzymatic crosslinking. These findings indicate transglutaminase treatment is an effective strategy for improving the gelation functionality of chicken gizzard protein isolate.",irrelevant,poultry,chicken gizzard,protein,proteintransglutaminase?induced crosslinking,"gel strength, water holding capacity, polymer formation (SDS?PAGE), improved gelation functionality",poultry_source,
syn67,doi67,Microwave Treatment Alters Thermal Stability and Foaming Properties of Goose Egg White Protein Isolate,"Goose egg white protein possesses functional characteristics that remain comparatively understudied relative to chicken egg white. This study applied microwave treatment (700 W, 30 to 90 s) to goose egg white protein isolate and measured resulting changes in thermal stability and foaming capacity. Denaturation temperature increased by 4.5 degrees C after 60 s treatment, and foaming capacity improved by 39% compared to untreated protein. Differential scanning calorimetry and dynamic surface tension analysis confirmed structural reorganization consistent with partial protein unfolding. Microwave processing is proposed as a rapid method for enhancing goose egg white protein functional performance.",irrelevant,poultry,goose egg white,isolate,microwave treatment,"thermal stability, foaming capacity, structural reorganization (DSC, surface tension), enhanced functional performance",poultry_source,
syn68,doi68,Deamidation Treatment Enhances Solubility and Interfacial Properties of Chicken Feather Meal Protein Hydrolysate,"Chicken feather meal, a keratin-rich poultry processing byproduct, has potential for upcycling into functional protein ingredients despite limited native solubility. This study applied enzymatic deamidation using protein glutaminase to modify feather meal protein hydrolysate and evaluated resulting functional properties. Deamidated hydrolysate showed a 3.3 fold increase in solubility at pH 7 and a 38% reduction in oil water interfacial tension. Circular dichroism spectra indicated increased random coil content following treatment. The results indicate deamidation is an effective strategy for broadening the functional application range of chicken feather meal protein hydrolysate.",irrelevant,poultry,chicken feathers,meal,enzymatic deamidation using protein glutaminase,"solubility, interfacial tension, structural changes (CD), expanded functional application range",poultry_source,
syn69,doi69,Freeze-Drying Process Parameters Affect Aggregation Behavior and Solubility of Turkey Egg Protein Isolate,"Turkey egg protein is valued for its distinct amino acid profile and potential functional applications, yet drying-induced structural changes affecting solubility remain underexplored. This study examined how freeze-drying shelf temperature (minus 40 to minus 10 degrees C) influenced turkey egg protein isolate aggregation and solubility. Samples dried at minus 10 degrees C exhibited greater particle aggregation and a solubility decrease to 60%, compared to 87% for samples dried at minus 40 degrees C. Scanning electron microscopy revealed denser, more collapsed microstructures at higher drying temperatures. Optimized freeze-drying conditions are recommended to preserve the functional solubility of turkey egg protein isolate.",irrelevant,poultry,turkey egge,protein ,freeze?drying shelf temperature,"aggregation behavior, solubility, microstructure (SEM), preserved functional solubility",poultry_source,
syn70,doi70,Spray Drying Conditions Influence Rheological Properties and Gelation of Chicken Blood Plasma Protein Concentrate,"Chicken blood plasma protein is an underutilized poultry slaughter byproduct with potential functional food applications. This study evaluated the effect of spray drying inlet temperature (150 to 190 degrees C) on the rheological and gel forming properties of extracted plasma protein concentrate. Protein dried at 170 degrees C retained the highest gel storage modulus and lowest denaturation loss, while higher temperatures caused a 36% reduction in gelation capacity. Protein solubility declined progressively with increasing drying temperature. Findings indicate that moderate spray drying temperatures best preserve the functional gelation properties of chicken blood plasma protein concentrate.",irrelevant,poultry,chicken blood plasma,concentrate,spray drying inlet temperature variation,"rheology, gel strength (storage modulus), denaturation loss, solubility, preserved gelation functionality",poultry_source,
syn71,doi71,Ultrafiltration Fractionation Improves Emulsifying Activity of Chicken Bone Broth Protein Hydrolysate,"Chicken bone broth protein hydrolysate is increasingly incorporated into functional food and beverage products for its nutritional and textural contributions. This study fractionated chicken bone broth hydrolysate by ultrafiltration into three molecular weight ranges and evaluated emulsifying activity and stability. The 3 to 10 kDa fraction exhibited emulsifying activity index of 24.3 m2/g, significantly higher than the unfractionated hydrolysate at 14.1 m2/g. Amino acid composition analysis showed enrichment of glycine and proline in the higher functionality fraction. These findings support molecular weight fractionation as a means to enhance chicken bone broth hydrolysate functionality for food applications.",irrelevant,poultry,chicken bone broth,protein ,ultrafiltration fractionation,"emulsifying activity, emulsion stability, amino acid ",poultry_source,
syn72,doi72,Phosphorylation Modification of Chicken Egg White Protein and Its Effect on Solubility and Gelation,"Chicken egg white protein is widely applied in food formulations due to its gelation and solubility characteristics, though functional performance under variable pH conditions can be inconsistent. This study used sodium tripolyphosphate treatment to induce phosphorylation of chicken egg white protein and assessed resulting functional changes. Phosphorylated protein showed a 29% increase in solubility at acidic pH and formed gels with 24% higher storage modulus than untreated protein. Calcium binding capacity increased significantly following modification, as confirmed by atomic absorption spectroscopy. The findings demonstrate that phosphorylation is a viable chemical modification route for tailoring chicken egg white protein functionality.",irrelevant,poultry,chicken egg white,isolate,sodium tripolyphosphate?induced phosphorylation,"solubility (acidic pH), gel storage modulus, calcium binding capacity, tailored functional perfor",poultry_source,
syn73,doi73,Pulsed Electric Field Processing Alters Foaming and Viscosity of Duck Breast Myofibrillar Protein Isolate,"Duck breast myofibrillar protein exhibits functional properties relevant to processed poultry products, though non-thermal processing effects remain limited in the literature. This study applied pulsed electric field treatment (15 to 25 kV/cm) to duck breast myofibrillar protein isolate and measured resulting changes in foaming capacity and apparent viscosity. Treated samples exhibited foaming capacity gains of up to 47% and a viscosity reduction of 19% at 100 s-1 shear rate. Protein unfolding and increased free sulfhydryl content were confirmed by fluorescence spectroscopy. These results support pulsed electric field as a non-thermal processing method for modifying duck breast protein functionality.",irrelevant,poultry,duck breast myofribrilla,isolate,pulsed electric field (15–25?kV/cm),"foaming capacity, viscosity, protein unfolding, free sulfhydryl content, modified functional performance",poultry_source,
syn74,doi74,Effect of Dry Heat Treatment on Solubility and Emulsifying Properties of Quail Meat Protein Concentrate,"Quail meat protein concentrate is gaining interest as a specialty poultry ingredient, though thermal processing effects on its functional properties remain underexplored. This study subjected quail meat protein concentrate to dry heat treatment (100 to 140 degrees C, up to 60 min) and measured changes in solubility and emulsifying activity. Moderate heating at 120 degrees C for 30 min increased solubility by 20% and emulsifying activity index by 25%, while prolonged heating above 45 min caused excessive aggregation and reduced functionality. Free sulfhydryl group analysis indicated partial unfolding without extensive crosslinking under optimal conditions. Controlled dry heating is proposed as a means to tailor quail meat protein concentrate functional properties.",irrelevant,poultry,quail meat ,protein ,dry heat treatment,"solubility, emulsifying activity, aggregation behavior, free sulfhydryl content, tailored functional properties",poultry_source,
syn75,doi75,pH-Shifting Treatment Improves Solubility and Interfacial Properties of Chicken Egg Yolk Granule Protein,"Chicken egg yolk granule protein retains substantial emulsifying potential but shows limited solubility outside its native pH range. This study applied alkaline pH-shifting (pH 11 for 30 min, followed by neutralization) to egg yolk granule protein and evaluated resulting solubility and interfacial tension. Treated samples showed solubility increases from 26% to 69% at pH 7 and a 35% reduction in oil water interfacial tension. Differential scanning calorimetry indicated partial denaturation and refolding during processing. Zeta potential measurements confirmed altered surface charge distribution following treatment. The pH-shifting approach offers a practical route to expand chicken egg yolk granule protein applications in diverse food formulations.",irrelevant,poultry,chicken egg yolk,protein ,"alkaline pH?shifting (pH?11 for 30?min, followed by neutralization)","solubility, interfacial tension, thermal behavior (DSC), surface charge (zeta potential), expanded formulation functionality",poultry_source,
syn76,doi76,Antioxidant and Antimicrobial Activity of Pea Protein Isolate Films Incorporated with Clove Essential Oil for Chilled Chicken Preservation,"This study investigated the incorporation of clove essential oil into pea protein isolate films to develop active packaging for chilled poultry preservation. Films were prepared with varying essential oil concentrations (0.5 to 2.0%) and evaluated for antioxidant capacity, antibacterial activity against Listeria monocytogenes and Escherichia coli, and shelf-life extension of packaged chicken breast. Films containing 1.5% essential oil reduced total viable counts by 2.1 log CFU/g after 7 days of storage and extended shelf life by 4 days compared to controls. DPPH radical scavenging activity increased with essential oil loading, confirming the antioxidant contribution of the incorporated compounds. These results demonstrate the potential of pea protein isolate films as active antimicrobial packaging for perishable meat products.",irrelevant,plant,pea,protein ,none,"antioxidant capacity, antibacterial activity, shelf?life extension, emulsifying/antimicrobial performance",wrong_property_focus,
syn77,doi77,A Machine Learning Framework for Predicting Sensory Acceptability of Soy Protein-Based Meat Analogues from Formulation Variables,"Consumer acceptance of plant-based meat analogues depends on complex interactions among formulation and processing variables that are difficult to optimize through trial and error. This study developed a random forest machine learning model trained on 320 soy protein isolate-based formulations to predict sensory panel scores for texture, flavor, and overall liking from ingredient ratios and extrusion parameters. The model achieved a prediction accuracy of R2 equals 0.87 for overall liking scores on a held-out test set, outperforming multiple linear regression (R2 equals 0.61). Feature importance analysis identified moisture content and screw speed as the most influential variables. This screening tool offers manufacturers a data-driven approach for optimizing sensory quality in plant-based meat analogue development.",irrelevant,plant,soybean,isolate,"extrusion, machine learning","sensory texture/flavor/liking, feature importance (moisture, screw speed), data?driven optimization",wrong_property_focus,
syn78,doi78,Effect of Lentil Protein Isolate Addition on Heat-Induced Gelation of Beef Myofibrillar Protein Composite Gels,"Composite gels combining plant and animal proteins are of interest for reducing meat content while maintaining textural quality in processed meat products. Heat-induced composite gels were prepared with 25 mg/mL beef myofibrillar protein and lentil protein isolate (0, 5, 10, 15, and 20 g/kg) in 0.6 mol/L NaCl at pH 7.0. Gel strength decreased progressively with increasing lentil protein isolate addition, while water holding capacity of the composite gels improved by up to 18% at the 15 g/kg inclusion level. Rheological analysis and confocal microscopy indicated a shift toward a more heterogeneous, phase-separated gel network at higher lentil protein levels. These findings characterize the impact of plant protein incorporation on beef myofibrillar protein gel performance in meat product reformulation.",irrelevant,"plant, animal","beef, lentil",isolate,heat?induced composite gelation,"gel strength, water holding capacity, rheology, microstructure (phase separation), impact on reformulation",wrong_property_focus,
syn79,doi79,Glycosylation-Modified Chickpea Protein Isolate Conjugates for Enhanced Encapsulation and Controlled Release of Curcumin,"Curcumin bioavailability is limited by poor aqueous solubility and susceptibility to degradation, motivating the development of effective delivery systems. This study prepared chickpea protein isolate-dextran conjugates via controlled dry heating (60 degrees C, 79% relative humidity, 7 days) and evaluated their performance as curcumin encapsulation vehicles. Glycosylated conjugates achieved encapsulation efficiency of 84%, compared to 58% for unmodified protein, and demonstrated sustained curcumin release over 48 hours under simulated gastrointestinal conditions. Antioxidant activity of encapsulated curcumin was retained at 91% after 30 days of storage, compared to 62% for free curcumin. These results support glycosylated chickpea protein conjugates as effective delivery systems for bioactive compound stabilization.",irrelevant,plant,chickpea,isolate,glycosylation (dextran),"encapsulation efficiency, sustained release, antioxidant retention, bioactive stabilization",wrong_property_focus,
syn80,doi80,Antibacterial Packaging Films from Mung Bean Protein Isolate Incorporated with Cinnamon Bark Extract for Fresh Pork Preservation,Active packaging films combining plant proteins with natural antimicrobial compounds offer a sustainable strategy for extending fresh meat shelf life. This study developed mung bean protein isolate films incorporated with cinnamon bark extract (0.5 to 2.0%) and evaluated their antibacterial performance and preservation effect on fresh pork loin stored at 4 degrees C. Films containing 1.5% extract inhibited growth of Pseudomonas spp. by 2.4 log CFU/g after 6 days and extended pork shelf life by 3 days relative to unwrapped controls. Total volatile basic nitrogen content in packaged samples remained below acceptable limits for 2 additional days compared to controls. These results demonstrate mung bean protein isolate films as an effective active packaging material for fresh meat preservation.,irrelevant,plant,mungbean,isolate,none,"antibacterial activity, shelf?life extension, TVB?N suppression, fresh meat preservation",wrong_property_focus,
syn81,doi81,Deep Learning-Based Prediction of Textural Quality in Extruded Pea Protein Products Using Near-Infrared Spectral Data,"Rapid, non-destructive quality assessment tools are needed for high-throughput screening of extruded plant protein products. This study developed a convolutional neural network model trained on near-infrared spectral data from 450 extruded pea protein samples to predict textural hardness and chewiness measured by texture profile analysis. The model achieved a root mean square error of prediction of 0.34 N for hardness, outperforming partial least squares regression models (RMSEP equals 0.58 N). Spectral regions associated with protein secondary structure and moisture content contributed most strongly to prediction accuracy according to variable importance analysis. This deep learning approach offers a practical tool for rapid textural quality screening in plant protein extrusion processing.",irrelevant,plant,pea,protein,none,"predicted textural hardness/chewiness, RMSEP performance, spectral feature importance, rapid quality screening",wrong_property_focus,
syn82,doi82,Antioxidant Peptides Derived from Enzymatic Hydrolysis of Rice Bran Protein and Their Free Radical Scavenging Capacity,Rice bran protein hydrolysates contain bioactive peptides with potential health promoting properties beyond conventional food functionality. This study hydrolyzed rice bran protein isolate using Flavourzyme (1 to 4 hours) and evaluated the antioxidant capacity of resulting peptide fractions. The 2-hour hydrolysate fraction below 3 kDa exhibited the highest DPPH radical scavenging activity (IC50 equals 0.42 mg/mL) and ferric reducing antioxidant power among tested fractions. Amino acid sequencing identified several peptides rich in hydrophobic and aromatic residues associated with antioxidant activity. These findings support rice bran protein hydrolysate as a source of bioactive antioxidant peptides for functional food and nutraceutical applications.,irrelevant,plant,rice bran ,isolate,enzymatic hydrolysis with Flavourzym,"antioxidant capacity (DPPH IC??, FRAP), peptide profile (hydrophobic/aromatic residues), bioactive functionality",wrong_property_focus,
syn83,doi83,Effect of Quinoa Protein Isolate Fortification on Sensory Attributes and Consumer Acceptability of Gluten-Free Bread,"Quinoa protein isolate has been proposed as a nutritional fortificant for gluten-free bakery products, though its impact on consumer sensory perception requires evaluation. This study incorporated quinoa protein isolate (0 to 12% flour replacement) into gluten-free bread formulations and conducted descriptive sensory analysis and consumer acceptability testing with 85 panelists. Bread fortified at 8% replacement received the highest overall liking scores, while replacement above 10% was associated with increased bitterness and reduced crumb softness ratings. Protein content of the fortified bread increased from 3.2% to 7.6% on a dry weight basis. These results indicate that moderate quinoa protein isolate fortification can improve nutritional value without compromising consumer acceptability of gluten-free bread.",irrelevant,plant,quinoa,isolate,none,"sensory acceptability, bitterness, crumb softness, protein enrichment, optimal fortification level",wrong_property_focus,
syn84,doi84,Glycation of Hemp Seed Protein Isolate with Chitosan Enhances Antibacterial Performance of Composite Coatings for Fresh-Cut Fruit,"Edible coatings combining plant proteins and antimicrobial polysaccharides are of interest for extending the shelf life of fresh-cut produce. This study prepared hemp seed protein isolate-chitosan conjugates via Maillard-type glycation and evaluated their performance as antibacterial coatings on fresh-cut apple slices. Glycated coatings reduced total aerobic microbial counts by 1.8 log CFU/g after 8 days of storage at 4 degrees C, compared to 0.6 log CFU/g reduction for unmodified protein coatings. Browning index of coated apple slices was reduced by 34% relative to uncoated controls over the storage period. These findings support glycated hemp seed protein-chitosan conjugates as effective antibacterial coatings for fresh-cut fruit preservation.",irrelevant,plant,hemp seed,isolate,Maillard?type glycation,"antibacterial activity, microbial reduction, browning suppression, fresh?cut fruit preservation",wrong_property_focus,
syn85,doi85,In Vitro Bioaccessibility and Antioxidant Capacity of Polyphenol-Sunflower Protein Isolate Complexes Under Simulated Digestion,"Protein-polyphenol interactions can influence the bioaccessibility and functional stability of bioactive compounds during digestion. This study formed complexes between sunflower protein isolate and chlorogenic acid at varying molar ratios and evaluated antioxidant capacity and bioaccessibility using a simulated gastrointestinal digestion model. Complexes formed at a 1:4 protein to polyphenol molar ratio retained 78% of initial antioxidant activity after simulated intestinal digestion, compared to 41% for free chlorogenic acid. Fluorescence quenching analysis confirmed non-covalent binding between sunflower protein and chlorogenic acid. These results demonstrate that protein-polyphenol complexation can enhance the digestive stability and antioxidant bioaccessibility of chlorogenic acid in food systems.",irrelevant,plant,sunflower,isolate,protein–polyphenol complexation with chlorogenic acid,"antioxidant retention during digestion, bioaccessibility, non?covalent binding, digestive stability",wrong_property_focus,
syn86,doi86,Artificial Neural Network Modeling of Fermentation Parameters for Optimized Bioactive Peptide Yield from Oat Protein Concentrate,"Optimization of fermentation conditions for bioactive peptide production from plant protein concentrates typically requires extensive experimental screening. This study developed an artificial neural network model to predict antihypertensive peptide yield from oat protein concentrate fermented with Lactobacillus casei under varying temperature, pH, and fermentation time conditions. The trained network achieved a prediction R2 of 0.91 for angiotensin converting enzyme inhibitory activity, outperforming response surface methodology models (R2 equals 0.79). Optimal predicted conditions of 37 degrees C, pH 6.2, and 36 hours produced peptide fractions with IC50 values of 0.28 mg/mL against angiotensin converting enzyme. This modeling approach provides an efficient tool for optimizing bioactive peptide production from oat protein fermentation.",irrelevant,plant,oat,isolate,none,"ACE?inhibitory peptide yield, optimal fermentation conditions, IC?? performance, efficient bioactive peptide optimization",wrong_property_focus,
syn87,doi87,Shelf-Life Extension of Fresh Beef Patties Using Antioxidant Packaging Films Based on Faba Bean Protein Isolate and Rosemary Extract,"Lipid oxidation and microbial spoilage are primary factors limiting the shelf life of fresh ground meat products. This study developed faba bean protein isolate films incorporated with rosemary extract (0.5 to 2.0%) and evaluated their effectiveness in extending the shelf life of fresh beef patties stored at 4 degrees C. Films containing 1.5% rosemary extract reduced thiobarbituric acid reactive substances by 47% after 8 days of storage and delayed microbial spoilage by 3 days compared to unwrapped controls. Color stability of packaged beef patties, measured by CIE a* values, was significantly better preserved with active film packaging. These results support faba bean protein isolate films as an effective antioxidant packaging material for fresh meat shelf-life extension.",irrelevant,plant,faba ,isolate,none,"lipid oxidation reduction (TBARS), microbial spoilage delay, color stability, fresh meat shelf?life extension",wrong_property_focus,
syn88,doi88,Prediction of Protein Structural Characteristics and Functional Performance of Legume Protein Isolates Using Support Vector Regression,"The food industry increasingly seeks rapid screening tools to predict the functional performance of protein ingredients from measurable structural characteristics without extensive empirical testing. This study developed a support vector regression model trained on structural data (surface hydrophobicity, free sulfhydryl content, secondary structure composition) from 12 legume protein isolates to predict solubility, foaming, and emulsifying performance. The model achieved prediction accuracy of R2 equals 0.83 for solubility across an independent validation set of five additional legume sources. Surface hydrophobicity and beta-sheet content were identified as the most influential predictors across all three functional properties. This modeling framework offers a practical screening tool for predicting legume protein ingredient functional quality from structural measurements.",irrelevant,plant,legume,protein,none,"predicted solubility, foaming, emulsifying performance; structural feature importance (hydrophobicity, ??sheet); rapid functional screening",wrong_property_focus,
syn89,doi89,Antifungal Activity of Zein Protein Nanoparticle Coatings Loaded with Thyme Essential Oil for Fresh Strawberry Preservation,"Postharvest fungal decay is a major cause of quality loss in fresh strawberries during storage and distribution. This study prepared zein protein nanoparticles loaded with thyme essential oil (5 to 20% w/w) and evaluated their antifungal performance as edible coatings on fresh strawberries. Coatings containing 15% essential oil reduced Botrytis cinerea infection incidence by 58% after 7 days of storage at 4 degrees C, compared to uncoated controls. Weight loss of coated strawberries was reduced by 32% over the storage period, attributed to the barrier properties of the nanoparticle coating. These findings demonstrate that zein nanoparticle coatings loaded with thyme essential oil are effective for extending the postharvest quality of fresh strawberries.",irrelevant,plant,corn,protein,none,"antifungal activity (Botrytis), reduced infection incidence, reduced weight loss, postharvest quality extension",wrong_property_focus,
syn90,doi90,Extraction Conditions Affect Rheological and Gelling Properties of Okra Pod Mucilage,"Okra pod mucilage is a polysaccharide-rich plant exudate valued for its unique thickening and gelling behavior in food systems. This study evaluated the effect of extraction temperature (40 to 80 degrees C) on the yield and rheological properties of mucilage extracted from okra pods. Extraction at 60 degrees C produced the highest yield (14.2%) and mucilage with apparent viscosity of 620 mPa.s at 10 s-1 shear rate, exhibiting pronounced pseudoplastic flow behavior. Gel formation was observed at polysaccharide concentrations above 3%, with storage modulus exceeding loss modulus across the tested frequency range. These findings indicate extraction temperature is a critical parameter for optimizing the functional gelling properties of okra pod mucilage for food applications.",irrelevant,plant,okra ,polysaccharide,extraction at varying temperatures,"viscosity, pseudoplastic flow, gel formation (G?>G?), functional gelling optimization",non_protein_material,
syn91,doi91,Structural Characterization and Solubility of Chia Seed Gum Extracted Under Varying pH Conditions,"Chia seed gum, a hydrocolloid polysaccharide obtained from the seed coat, has drawn interest as a natural functional ingredient for food thickening and emulsion stabilization. This study extracted chia seed gum at pH 6 to 10 and evaluated resulting yield, solubility, and monosaccharide composition. Extraction at pH 9 produced the highest gum yield (6.8%) and solubility of 92% in cold water, compared to 68% for gum extracted at pH 6. Sugar composition analysis by HPLC revealed xylose, glucose, and glucuronic acid as the dominant monosaccharides. These results demonstrate that extraction pH significantly influences the functional solubility characteristics of chia seed gum for food formulation.",irrelevant,plant,chia seed ,polysaccharide,pH ,"solubility, monosaccharide profile (xylose, glucose, glucuronic acid), functional solubility optimization",non_protein_material,
syn92,doi92,Fermentation Optimization and Toxicological Evaluation of Bitter Melon Seed Extract for Functional Food Applications,"Bitter melon seeds contain bioactive compounds with potential functional food applications, though native extracts present processing and safety challenges. This study optimized fermentation conditions using response surface methodology, including inoculation rate, fermentation time, and temperature, to reduce antinutritional compounds in bitter melon seed extract. Optimized fermentation conditions reduced saponin content by 58% and improved extract solubility from 34% to 71%. Acute toxicity evaluation in a mouse model showed no significant adverse effects at extract doses up to 2000 mg/kg body weight. These findings support fermentation as an effective strategy for improving both the functional and safety profile of bitter melon seed extract.",irrelevant,plant,bitter melon,protein,fermentation,"saponin reduction, solubility improvement, acute toxicity safety, functional profile enhancement",non_protein_material,
syn93,doi93,Rheological and Gel Forming Properties of Pectic Polysaccharide Fraction from Beet Root Pulp,"Beet root processing generates substantial pulp byproduct containing pectic polysaccharides with potential functional applications in food systems. An acid-extracted polysaccharide fraction was isolated from alcohol-insoluble solids of beet root pulp and characterized for sugar composition and rheological behavior. Galacturonic acid and arabinose were identified as the dominant sugars, with a degree of methyl esterification of 42%. The polysaccharide fraction formed calcium-induced gels with storage modulus increasing proportionally with calcium concentration up to 40 mM. Apparent viscosity measurements confirmed shear thinning flow behavior typical of pectic hydrocolloids. These results characterize beet root pulp pectin as a functional gelling ingredient for food applications.",irrelevant,plant,beet root,polysaccharide,acid extraction,"sugar composition (GalA, arabinose), methyl esterification, calcium?induced gelation, shear?thinning rheology, functional gelling behavior",non_protein_material,
syn94,doi94,Effect of Enzymatic Modification on Viscosity and Water Holding Capacity of Flaxseed Gum,"Flaxseed gum, a polysaccharide extracted from flaxseed hulls, is widely applied as a natural thickening and stabilizing agent in food systems. This study used controlled xylanase treatment (0.1 to 1.0% enzyme concentration) to modify flaxseed gum and evaluated resulting viscosity and water holding capacity. Enzymatic treatment at 0.5% enzyme reduced apparent viscosity by 34% while increasing water holding capacity from 8.2 to 12.6 g/g. Molecular weight distribution analysis by gel permeation chromatography confirmed partial polysaccharide chain scission following enzymatic treatment. These findings demonstrate that enzymatic modification can be used to tailor the functional rheological properties of flaxseed gum for specific food applications.",irrelevant,plant,flaxeed gum,polysaccharide,xylanase treatment,"viscosity reduction, increased water?holding capacity, molecular weight reduction, tailored rheology for food applications",non_protein_material,
syn95,doi95,Ultrasound-Assisted Extraction Improves Yield and Gelling Properties of Aloe Vera Leaf Polysaccharide,"Aloe vera leaf gel contains functional polysaccharides valued for their gelling and water binding properties in food and nutraceutical applications. This study applied high intensity ultrasound (20 kHz, 100 to 400 W) during aqueous extraction of aloe vera polysaccharide and evaluated resulting yield and gel forming behavior. Ultrasound-assisted extraction increased polysaccharide yield from 3.1% to 6.4% and improved gel storage modulus by 38% compared to conventional extraction. Monosaccharide composition analysis confirmed mannose as the predominant sugar unit, consistent with an acemannan-rich polysaccharide structure. These results suggest ultrasound-assisted extraction is an effective method for improving the functional gelling properties of aloe vera leaf polysaccharide.",irrelevant,plant,aloe vera,polysaccharide,ultrasound?assisted extraction, gel strength,non_protein_material,
syn96,doi96,Physicochemical and Rheological Properties of Resistant Starch Extracted from Green Banana Pulp Under Varying Debranching Conditions,Resistant starch derived from green banana pulp is of interest as a functional food ingredient with both nutritional and textural benefits. This study evaluated the effect of pullulanase debranching time (1 to 6 hours) on the physicochemical and rheological properties of green banana resistant starch. Debranching for 3 hours produced starch with the highest resistant starch content (58%) and apparent viscosity of 480 mPa.s at 10 s-1 shear rate. X-ray diffraction confirmed increased crystallinity consistent with retrogradation following debranching treatment. These findings indicate that debranching time is a key processing parameter for optimizing the functional properties of green banana resistant starch for food applications.,irrelevant,plant,green banana,polysaccharide,pullulanase debranching,"resistant starch content, viscosity, crystallinity (XRD), retrogradation",non_protein_material,
syn97,doi97,Extraction and Characterization of Water-Soluble Polysaccharide from Jackfruit Seed with Emulsion Stabilizing Potential,"Jackfruit seeds, an underutilized fruit processing byproduct, contain water-soluble polysaccharides with potential functional applications as emulsion stabilizers. This study extracted polysaccharide from jackfruit seed using hot water extraction (70 to 90 degrees C) and evaluated resulting yield and emulsion stabilizing capacity. Extraction at 80 degrees C produced the highest yield (11.4%) and polysaccharide solutions capable of stabilizing oil-in-water emulsions for over 30 days at 4 degrees C without visible phase separation. Fourier transform infrared spectroscopy confirmed characteristic polysaccharide functional groups including hydroxyl and carboxyl bands. These results support jackfruit seed polysaccharide as a promising natural emulsion stabilizing ingredient for food applications.",irrelevant,plant,jackfruit,polysaccharide,hot water extraction,"emulsion stability, FTIR functional groups, natural emulsion stabilizer potential",non_protein_material,
syn98,doi98,Effect of Drying Method on Solubility and Viscosity of Cactus Pear (Opuntia ficus-indica) Cladode Mucilage,"Cactus pear cladode mucilage is a plant-derived hydrocolloid with recognized thickening and water binding functionality. This study compared freeze drying, spray drying, and oven drying methods on cactus cladode mucilage and evaluated resulting solubility and viscosity characteristics. Freeze dried mucilage exhibited the highest cold water solubility (88%) and apparent viscosity of 540 mPa.s at 10 s-1 shear rate, compared to 61% solubility for oven dried samples. Scanning electron microscopy revealed a more porous microstructure in freeze dried mucilage, consistent with improved rehydration behavior. These findings demonstrate that drying method substantially influences the functional properties of cactus pear cladode mucilage for food use.",irrelevant,plant,cactus pear,polysaccharide,drying ,"solubility, viscosity, microstructure (porosity), rehydration behavior, functional thickening properties",non_protein_material,
syn99,doi99,Structural and Gel Forming Properties of Konjac Glucomannan Modified by Alkaline Deacetylation,Konjac glucomannan is a widely used plant polysaccharide valued for its distinctive thermally irreversible gelling behavior in food systems. This study applied controlled alkaline treatment (0.1 to 0.5 M NaOH) to deacetylate konjac glucomannan and evaluated resulting gel strength and water holding capacity. Deacetylation at 0.3 M NaOH produced gels with 46% higher breaking force and improved water holding capacity from 74% to 91% compared to native glucomannan. Fourier transform infrared spectroscopy confirmed reduced acetyl group content following alkaline treatment. These results indicate that controlled deacetylation is an effective strategy for enhancing the functional gelling properties of konjac glucomannan for food applications.,irrelevant,plant,Konjac glucomannan,polysaccharide,alkaline deacetylation,"gel strength, water?holding capacity, FTIR, gelling",non_protein_material,
syn100,doi100,Optimization of Ultrasonic Extraction of Pectin from Passion Fruit Peel and Evaluation of Its Emulsifying Properties,"Passion fruit peel, a fruit juice processing byproduct, is a promising source of pectin with potential functional food applications. This study optimized ultrasonic extraction parameters, including power, time, and pH, using response surface methodology to maximize pectin yield from passion fruit peel. Optimized conditions achieved a pectin yield of 24.6%, and the resulting pectin exhibited emulsifying activity index of 18.9 m2/g against soybean oil with emulsion stability of 76% after 24 hours. Degree of esterification, determined by titration, was 58%, classifying the pectin as high methoxyl. These findings support ultrasonic extraction as an efficient method for recovering functional pectin from passion fruit peel byproduct.",irrelevant,plant,passion fruit preel,polysaccharide,ultrasonic extraction optimized via RSM,"emulsifying activity index, emulsion stability, degree of esterification ",non_protein_material,
syn101,doi101,Effect of Extraction Solvent on Yield and Rheological Behavior of Fenugreek Seed Galactomannan Gum,"Fenugreek seed galactomannan is a functional polysaccharide gum widely applied for its thickening properties in food systems. This study compared water, ethanol, and aqueous ethanol extraction solvents for isolating galactomannan from fenugreek seeds and evaluated resulting yield and rheological properties. Aqueous extraction produced the highest yield (28.3%) and apparent viscosity of 780 mPa.s at 10 s-1 shear rate, exhibiting pronounced shear thinning behavior. Galactose to mannose ratio, determined by HPLC, was 1:1.2, consistent with typical fenugreek galactomannan structure. These results demonstrate that extraction solvent selection is critical for optimizing the functional rheological properties of fenugreek seed galactomannan gum.",irrelevant,plant,fenugreek seed,polysaccharide,"solvent comparison (water, ethanol, aqueous ethanol)","viscosity, shear?thinning behavior, galactose:mannose ratio, optimized rheology",non_protein_material,
syn102,doi102,Modification of Citrus Peel Cellulose Nanofibers and Their Effect on Emulsion Stabilizing Capacity,"Citrus peel byproduct is a renewable source of cellulose that can be converted into functional nanomaterials for food applications. This study prepared cellulose nanofibers from citrus peel using TEMPO-mediated oxidation and evaluated their performance as Pickering emulsion stabilizers. Oxidized cellulose nanofibers stabilized oil-in-water emulsions for over 45 days without visible coalescence, compared to 12 days for unmodified cellulose fibers. Zeta potential measurements confirmed increased surface charge density following TEMPO oxidation, consistent with improved colloidal stability. These results support TEMPO-oxidized citrus peel cellulose nanofibers as an effective functional ingredient for Pickering emulsion stabilization in food systems.",irrelevant,plant,citrus peel,polysaccharide,TEMPO?mediated oxidation,"Pickering emulsion stabilization, surface charge (zeta potential), colloidal stability",non_protein_material,
syn103,doi103,Physicochemical Properties of Modified Cassava Starch Prepared by Dual Acid-Enzyme Treatment for Improved Gel Clarity,"Cassava starch is a major functional food ingredient, though native starch gels often exhibit limited clarity and stability under processing conditions. This study applied sequential acid hydrolysis (0.1 M HCl) followed by pullulanase treatment to modify cassava starch and evaluated resulting gel clarity and viscosity. Dual treated starch produced gels with 52% higher transmittance at 650 nm and reduced retrogradation rate compared to native starch over 7 days of storage. X-ray diffraction confirmed reduced crystallinity following the combined modification treatment. These findings indicate that dual acid-enzyme modification is an effective strategy for improving the functional gel clarity of cassava starch for food applications.",irrelevant,plant,cassava starch,polysaccharide,sequential acid hydrolysis (0.1?M HCl) + pullulanase treatment,"gel clarity (transmittance), retrogradation, crystallinity (XRD), functional gel stability",non_protein_material,
syn104,doi104,Extraction Yield and Foaming Capacity of Saponin-Rich Extract from Quillaja Bark for Natural Foaming Agent Applications,Quillaja bark extract is a natural saponin-rich material used as a plant-derived foaming and emulsifying agent in food and beverage applications. This study evaluated hot water extraction temperature (50 to 90 degrees C) on saponin yield and resulting foaming capacity of Quillaja bark extract. Extraction at 80 degrees C produced the highest saponin yield (9.8%) and foaming capacity of 340% with foam half-life exceeding 45 minutes. High performance liquid chromatography confirmed triterpenoid saponin content as the primary contributor to surface activity. These results demonstrate Quillaja bark extract as an effective natural foaming agent with functional properties suitable for beverage and confectionery applications.,irrelevant,plant,Quillaja bark,polysaccharide,hot water extraction,"foaming capacity, foam stability, triterpenoid saponin surface activity",non_protein_material,
syn105,doi105,Effect of Ultrasound-Assisted Extraction on Solubility and Foaming Properties of Lentinula edodes (Shiitake) Protein Isolate,"Shiitake mushroom protein isolate has drawn interest as an edible fungal ingredient with potential functional applications, though extraction method significantly influences its performance. This study applied high intensity ultrasound (20 kHz, 100 to 400 W) during alkaline extraction of Lentinula edodes protein and evaluated resulting solubility and foaming capacity. Ultrasound-assisted extraction increased protein solubility from 28% to 61% at pH 7 and improved foaming capacity from 15% to 46%. Particle size analysis confirmed enhanced cell wall disruption under ultrasound treatment. These results suggest ultrasound-assisted extraction is an effective method for improving the functional properties of shiitake mushroom protein isolate.",irrelevant,fungal,shiitake mushroom ,isolate,ultrasound?assisted alkaline extraction,"solubility,  foaming capacity, particle size (cell wall disruption)",fungal_source,
syn106,doi106,pH-Dependent Structural Changes and Gelation Behavior of Flammulina velutipes Protein Isolate,"Flammulina velutipes, a widely cultivated edible mushroom, contains protein with potential functional applications, though extraction pH effects on gelation remain poorly characterized. This study extracted protein from Flammulina velutipes using alkaline extraction at pH 9 to 12 followed by acid precipitation, and evaluated resulting solubility and gel forming behavior. Extraction at pH 11 produced isolate with the highest solubility (66%) and gel storage modulus, compared to lower functionality at pH 9. Circular dichroism confirmed structural reorganization consistent with partial unfolding during acid precipitation. These findings indicate extraction pH is a critical parameter for optimizing the functional gelation properties of Flammulina velutipes protein isolate.",irrelevant,fungal,Flammulina velutipes,isolate,alkaline extraction,"solubility, gel storage modulus, structural, functional gelation behavior",fungal_source,
syn107,doi107,Effects of Repeated Freeze-Thaw Cycles on Structural and Functional Properties of Pleurotus ostreatus Protein Concentrate,"Oyster mushroom protein concentrate is an emerging edible fungal ingredient, though its stability under freeze storage conditions is not well understood. This study subjected Pleurotus ostreatus protein concentrate to 1 to 5 freeze-thaw cycles (minus 20 to 25 degrees C) and evaluated resulting structural and functional changes. Solubility decreased progressively from 74% to 39% after five cycles, while surface hydrophobicity increased significantly as confirmed by fluorescence probe analysis. SDS-PAGE revealed increased protein aggregation with repeated freeze-thaw treatment. These results demonstrate that freeze-thaw cycling substantially degrades the functional solubility of Pleurotus ostreatus protein concentrate.",irrelevant,fungal,oyster mushroom,isolate,freeze–thaw cycling,"solubility, surface hydrophobicity, protein aggregation, functional stability under freeze storage",fungal_source,
syn108,doi108,Enzymatic Hydrolysis Enhances Emulsifying Activity of Agaricus bisporus (Button Mushroom) Protein Isolate,"Button mushroom protein isolate has potential as a functional food ingredient, though its native emulsifying performance remains limited. This study used Alcalase hydrolysis (0.5 to 2.5% enzyme to substrate ratio) to modify Agaricus bisporus protein isolate and evaluated resulting emulsifying activity and stability. Mild hydrolysis (1%) increased emulsifying activity index from 11.6 to 24.3 m2/g and improved emulsion stability by 29% after 24 hours. Degree of hydrolysis was confirmed by trinitrobenzenesulfonic acid assay and SDS-PAGE peptide profiling. These results suggest controlled enzymatic hydrolysis is an effective strategy for improving the functional properties of button mushroom protein isolate.",irrelevant,fungal,button mushroom,concentrate,Alcalase hydrolysis,"emulsifying activity, emulsion stability, peptide profile (SDS?PAGE), degree of hydrolysis (TNBS), functional emulsification behavior",fungal_source,
syn109,doi109,Definitive Screening Design Optimization of Protein Extraction and Functional Properties of Ganoderma lucidum,"Ganoderma lucidum is a medicinal mushroom species increasingly explored as a source of functional fungal protein, though extraction yields using conventional alkaline methods remain low. This study applied a definitive screening design to optimize extraction temperature, pH, and time for Ganoderma lucidum protein and evaluated resulting yield and functional properties. Optimized conditions (55 degrees C, pH 10.5, 90 min) achieved a protein yield of 42%, along with solubility of 58% and water holding capacity of 4.6 g/g. Response surface analysis identified extraction pH as the most influential factor affecting yield. These findings provide an optimized extraction protocol for improving the functional performance of Ganoderma lucidum protein.",irrelevant,fungal,Ganoderma lucidum,protein,alkaline extraction,"solubility, water?holding capacity, functional performance in food systems",fungal_source,
syn110,doi110,Glycation via Maillard Reaction Improves Emulsifying Stability of Tremella fuciformis Protein Isolate,"Tremella fuciformis, a jelly-like edible fungus, contains protein with emulsifying potential, though thermal processing stability remains a concern. This study conjugated Tremella fuciformis protein isolate with dextran through controlled dry heating (60 degrees C, 65% relative humidity, up to 5 days) to induce glycation. Glycated protein exhibited a 39% improvement in emulsion stability after heat treatment at 90 degrees C and reduced droplet coalescence during storage. FTIR spectra confirmed covalent conjugation between protein and polysaccharide chains. Glycation is presented as an effective strategy for improving the thermal functional stability of Tremella fuciformis protein-based emulsifiers.",irrelevant,fungal,Tremella fuciformis,isolate,"dry?heating glycation with dextran (60?°C, 65% RH, up to 5?days)","emulsion stability, droplet coalescence resistance, covalent conjugation (FTIR), thermal functional stability",fungal_source,
syn111,doi111,Transglutaminase Crosslinking Enhances Gel Strength of Hericium erinaceus (Lion's Mane) Protein Isolate,"Lion's mane mushroom protein isolate is gaining attention as a functional fungal ingredient, though native gels are often weak and prone to syneresis. This study used microbial transglutaminase (0 to 10 U/g protein) to crosslink Hericium erinaceus protein isolate and assessed resulting gel strength and water holding capacity. Crosslinked gels exhibited a 43% increase in gel strength and improved water holding capacity from 61% to 85%. SDS-PAGE analysis confirmed formation of high molecular weight polymers consistent with enzymatic crosslinking. These findings indicate transglutaminase treatment is an effective strategy for improving the gelation functionality of Hericium erinaceus protein isolate.",irrelevant,fungal,Lion's mane mushroom,isolate,transglutaminase crosslinking,"gel strength, water?holding capacity, high?molecular?weight polymer formation (SDS?PAGE), gelation functionality",fungal_source,
syn112,doi112,High Hydrostatic Pressure Treatment Alters Solubility and Viscosity of Grifola frondosa (Maitake) Protein Extract,"Maitake mushroom protein extract has drawn interest for its potential functional applications in plant-forward food formulation. This study applied high hydrostatic pressure (200 to 500 MPa, 10 min) to Grifola frondosa protein extract and measured resulting solubility and apparent viscosity. Solubility increased from 32% to 64% at pH 7 following 400 MPa treatment, while apparent viscosity at 50 s-1 shear rate decreased by 24%. Surface hydrophobicity increased progressively with pressure level up to 400 MPa before declining at higher pressures. These findings indicate moderate high pressure treatment can improve the functional properties of maitake mushroom protein extract.",irrelevant,fungal,Maitake mushroom,protein,high hydrostatic pressure,"solubility, apparent viscosity, surface hydrophobicity, functional behavior under pressure treatment",fungal_source,
syn113,doi113,Deamidation Treatment Improves Solubility and Interfacial Properties of Auricularia auricula Protein Concentrate,"Auricularia auricula, commonly known as wood ear mushroom, is a widely cultivated edible fungus with protein concentrate exhibiting limited solubility at neutral pH. This study applied enzymatic deamidation using protein glutaminase to modify Auricularia auricula protein concentrate and evaluated resulting solubility and interfacial tension. Deamidated protein exhibited a 3.2 fold increase in solubility at pH 7 and a 36% reduction in oil water interfacial tension. Circular dichroism spectra indicated increased random coil content following treatment. The results indicate deamidation is an effective strategy for expanding the functional application range of Auricularia auricula protein concentrate.",irrelevant,fungal,Auricularia auricula,concentrate,enzymatic deamidation (protein glutaminase),"solubility, interfacial tension, structural conformation (random coil content), functional application range",fungal_source,
syn114,doi114,Spray Drying Conditions Influence Rheological Properties and Gelation of Coprinus comatus Protein Isolate,"Coprinus comatus, commonly known as shaggy mane mushroom, contains protein with gelling potential relevant to functional food development. This study evaluated spray drying inlet temperature (150 to 190 degrees C) effects on the rheological and gel forming properties of extracted Coprinus comatus protein isolate. Protein dried at 170 degrees C retained the highest gel storage modulus and lowest denaturation loss, while higher temperatures caused a 33% reduction in gelation capacity. Protein solubility declined progressively with increasing drying temperature. Findings indicate that moderate spray drying temperatures best preserve the functional gelation properties of Coprinus comatus protein isolate.",irrelevant,fungal,oprinus comatus,protein,spray drying ,"gel storage modulus, denaturation loss, gelation capacity, solubility, functional gelation behavior",fungal_source,
syn115,doi115,Ultrafiltration Fractionation Improves Water Holding Capacity of Cordyceps militaris Protein Hydrolysate,"Cordyceps militaris protein hydrolysate is increasingly incorporated into functional food products for its nutritional and textural contributions. This study fractionated Cordyceps militaris hydrolysate by ultrafiltration into three molecular weight ranges and evaluated water holding capacity and viscosity. The 3 to 10 kDa fraction exhibited water holding capacity of 6.4 g/g, significantly higher than the unfractionated hydrolysate at 3.9 g/g. Amino acid composition analysis showed enrichment of glutamic acid and glycine in the higher functionality fraction. These findings support molecular weight fractionation as a means to enhance Cordyceps militaris hydrolysate functionality for food applications.",irrelevant,fungal,Cordyceps militaris,protein,ultrafiltration fractionation (molecular weight ranges,"water?holding capacity, viscosity, amino acid composition, functional behavior of hydrolysate fractions",fungal_source,
syn116,doi116,Freeze-Drying Process Parameters Affect Aggregation Behavior and Solubility of Clitocybe squamulosa Protein Isolate,"Clitocybe squamulosa is a wild edible mushroom species with protein isolate exhibiting drying-induced structural changes affecting solubility. This study examined how freeze-drying shelf temperature (minus 40 to minus 10 degrees C) influenced Clitocybe squamulosa protein isolate aggregation and solubility. Samples dried at minus 10 degrees C exhibited greater particle aggregation and a solubility decrease to 55%, compared to 83% for samples dried at minus 40 degrees C. Scanning electron microscopy revealed denser, more collapsed microstructures at higher drying temperatures. Optimized freeze-drying conditions are recommended to preserve the functional solubility of Clitocybe squamulosa protein isolate.",irrelevant,fungal,Clitocybe squamulosa,isolate,freeze drying,"particle aggregation, solubility, microstructure (SEM), functional solubility behavior",fungal_source,
syn117,doi117,Acid Hydrolysis Modification of Pleurotus eryngii (King Oyster Mushroom) Protein for Improved Foaming and Emulsifying Properties,"King oyster mushroom protein is an emerging fungal ingredient, though native isolates exhibit limited functional versatility. This study applied controlled acid hydrolysis (0.5 to 1.5 M HCl) to Pleurotus eryngii protein extract and assessed resulting foaming and emulsifying properties. Foaming capacity increased from 10% in native protein to 53% after moderate hydrolysis, while emulsifying activity index rose to 18.7 m2/g. Molecular weight distribution analysis confirmed hydrolysis produced peptides predominantly in the 3 to 13 kDa range. These results suggest acid hydrolysis can substantially improve the functional performance of king oyster mushroom protein extract.",irrelevant,fungal,king oyster mushroom ,protein,controlled acid hydrolysis (0.5–1.5?M HCl),"foaming capacity, emulsifying activity, molecular?weight distribution (3–13?kDa peptides), functional emulsification and foaming behavior",fungal_source,
syn118,doi118,Effect of Alkaline Extraction pH on Emulsifying and Gelation Properties of Morchella esculenta (Morel) Protein Isolate,"Morel mushroom protein isolate has been proposed as a specialty functional food ingredient, though extraction conditions strongly affect its performance. This study evaluated alkaline extraction at pH 9 to 12 on Morchella esculenta protein isolate and assessed resulting emulsifying activity and gelation behavior. Extraction at pH 11 produced protein isolate with the highest emulsifying activity index (26.8 m2/g) and gel storage modulus, compared to lower functionality at pH 9. Protein solubility and extraction yield both increased with rising extraction pH up to 11 before declining at pH 12. These findings indicate that alkaline extraction pH is a critical parameter for optimizing morel mushroom protein isolate functional properties.",irrelevant,fungal,Morel mushroom,isolate,alkaline extraction,"emulsifying activity, gel storage modulus, solubility, extraction yield, functional gelation and emulsification behavior",fungal_source,
syn119,doi119,Microwave-Assisted Extraction Improves Yield and Solubility of Boletus edulis (Porcini) Protein Concentrate,"Porcini mushroom protein concentrate has drawn interest as a nutrient-dense functional ingredient, though extraction method strongly influences functional recovery. This study compared conventional alkaline extraction to microwave-assisted alkaline extraction (700 W, 60 to 180 s) for Boletus edulis protein concentrate and measured resulting yield and solubility. Microwave-assisted extraction increased protein yield from 51% to 74% and improved solubility at pH 7 from 29% to 57%. Particle size analysis indicated more efficient cell wall disruption under microwave treatment. These results suggest microwave-assisted extraction is a practical method for improving both yield and functional solubility of porcini mushroom protein concentrate.",irrelevant,fungal,Porcini mushroom,concentrate,microwave?assisted alkaline extraction,"solubility, particle size disruption, functional solubility behavior",fungal_source,
syn120,doi120,Alkaline Extraction and Solubility Characterization of Protein Isolate from Ulva lactuca (Sea Lettuce),"Ulva lactuca is an abundant green macroalga with potential as an alternative protein source for functional food applications. This study extracted protein isolate from Ulva lactuca biomass using alkaline solubilization followed by isoelectric precipitation and evaluated resulting solubility and water holding capacity. The isolate exhibited solubility of 62% at pH 7 and water holding capacity of 5.4 g/g, with extraction yield reaching 41% of total biomass protein. Amino acid analysis confirmed a favorable essential amino acid profile comparable to conventional plant protein sources. These results support Ulva lactuca as a viable functional protein ingredient for food formulation.",irrelevant,algae ,Ulva lactuca,isolate,"alkaline solubilization, isoelectric precipitation","solubility, water?holding capacity, extraction yield, essential amino acid profile, functional behavior in food formulation",algae_source,
syn121,doi121,Effect of Ultrasound-Assisted Extraction on Foaming and Emulsifying Properties of Nannochloropsis Microalgae Protein Concentrate,"Nannochloropsis biomass, cultivated for its high protein and lipid content, has been proposed as a functional food ingredient, though native protein concentrates often show limited surface activity. This study applied high intensity ultrasound (20 kHz, 150 to 400 W) during alkaline extraction of Nannochloropsis protein and evaluated resulting foaming and emulsifying behavior. Ultrasound-assisted extraction increased foaming capacity from 17% to 45% and emulsifying activity index from 12.8 to 26.1 m2/g. Particle size analysis confirmed enhanced cell wall disruption under ultrasound treatment. These results suggest ultrasound-assisted extraction is an effective method for improving the functional properties of Nannochloropsis protein concentrate.",irrelevant,algae ,Nannochloropsis biomass,concentrate,"ultrasound?assisted alkaline extraction (20?kHz, 150–400?W)","foaming capacity, emulsifying activity, particle size disruption, functional surface activity",algae_source,
syn122,doi122,pH-Shifting Treatment Improves Gelation Behavior of Chlorella vulgaris Protein Isolate,"Chlorella vulgaris microalgae biomass is a recognized alternative protein source, though its gelation properties remain poorly characterized relative to conventional food proteins. This study applied alkaline pH-shifting (pH 11 for 30 min, followed by isoelectric precipitation) to Chlorella vulgaris protein isolate and evaluated gel formation under heat treatment. Treated protein formed gels with 34% higher storage modulus and improved water holding capacity compared to conventionally extracted isolate. Circular dichroism confirmed increased beta-sheet content associated with the pH-shifting process. The results support pH-shifting as an effective modification method for improving Chlorella vulgaris protein gelation functionality.",irrelevant,algae ,Chlorella vulgaris,isolate,"alkaline pH?shifting (pH?11, 30?min) + isoelectric precipitation","gel storage modulus, water?holding capacity, secondary structure (??sheet content), functional gelation behavior",algae_source,
syn123,doi123,Enzymatic Hydrolysis Enhances Water Holding Capacity and Viscosity of Laminaria japonica (Kelp) Protein Hydrolysate,"Kelp biomass contains substantial protein that could be valorized for functional food ingredient development, though its native hydration properties are limited. This study used Alcalase hydrolysis (0.5 to 2% enzyme to substrate ratio) to modify Laminaria japonica protein and evaluated resulting water holding capacity and apparent viscosity. Mild hydrolysis (1%) increased water holding capacity from 3.3 to 6.1 g/g while reducing viscosity by 38% at 50 s-1 shear rate. Degree of hydrolysis was confirmed by ninhydrin assay and SDS-PAGE peptide profiling. These results suggest controlled enzymatic hydrolysis is an effective method for improving kelp protein hydrolysate functionality for food applications.",irrelevant,algae ,kelp (Laminaria japonica),protein,Alcalase hydrolysis (0.5–2% E/S),"water?holding capacity, apparent viscosity, degree of hydrolysis (ninhydrin), peptide profile (SDS?PAGE), functional hydrolysate",algae_source,
syn124,doi124,High Hydrostatic Pressure Treatment Alters Solubility and Emulsifying Activity of Arthrospira platensis (Spirulina) Protein Isolate,"Spirulina protein isolate is a widely studied microalgal ingredient with functional potential in food formulation, though processing effects on emulsifying performance remain incompletely understood. This study subjected Arthrospira platensis protein isolate to high hydrostatic pressure (200 to 500 MPa, 10 min) and measured resulting solubility and emulsifying activity. Solubility increased from 44% to 78% at pH 7 following 400 MPa treatment, while emulsifying activity index rose to 29.3 m2/g. Surface hydrophobicity increased progressively with pressure level up to 400 MPa before declining at higher pressures. These findings indicate moderate high pressure treatment can improve the functional properties of Spirulina protein isolate.",irrelevant,algae ,Spirulina,isolate,high hydrostatic pressure,"solubility, emulsifying activity, surface hydrophobicity, functional behavior under pressure treatment",algae_source,
syn125,doi125,Glycation via Maillard Reaction Improves Thermal Stability of Porphyra (Nori) Protein Emulsions,"Porphyra protein extracted from nori seaweed has demonstrated emulsifying potential, but its stability under thermal processing conditions is limited. This study conjugated Porphyra protein with maltodextrin through controlled dry heating (60 degrees C, 65% relative humidity, up to 5 days) to induce glycation. Glycated protein exhibited a 41% improvement in emulsion stability after heating at 90 degrees C and reduced droplet coalescence during 14 days of storage. FTIR spectroscopy confirmed covalent conjugation between protein and polysaccharide chains. Glycation is presented as an effective approach for improving the thermal functional stability of Porphyra protein-based emulsifiers.",irrelevant,algae ,Porphyra (nori seaweed),protein,dry?heating glycation with maltodextrin ,"emulsion stability, droplet coalescence resistance, covalent conjugation (FTIR), thermal functional stability",algae_source,
syn126,doi126,Transglutaminase Crosslinking Enhances Gel Strength of Undaria pinnatifida (Wakame) Protein Isolate,"Wakame seaweed protein isolate has potential as a functional ingredient in structured food products, though native gels are often weak. This study used microbial transglutaminase (0 to 10 U/g protein) to crosslink Undaria pinnatifida protein isolate and assessed resulting gel strength and water holding capacity. Crosslinked gels exhibited a 39% increase in gel strength and improved water holding capacity from 60% to 82%. SDS-PAGE analysis confirmed formation of high molecular weight polymers consistent with enzymatic crosslinking. These findings indicate transglutaminase treatment is an effective strategy for improving the gelation functionality of wakame protein isolate.",irrelevant,algae ,Wakame seaweed,isolate,microbial transglutaminase crosslinking (0–10?U/g protein),"gel strength, water?holding capacity, high?molecular?weight polymer formation (SDS?PAGE), functional gelation behavior",algae_source,
syn127,doi127,Spray Drying Conditions Influence Rheological Properties and Solubility of Dunaliella salina Protein Concentrate,"Dunaliella salina microalgae biomass has drawn interest as a functional protein source, though drying conditions affecting its solubility remain underexplored. This study evaluated spray drying inlet temperature (150 to 190 degrees C) on the rheological and solubility properties of extracted Dunaliella salina protein concentrate. Protein dried at 170 degrees C retained the highest solubility and lowest viscosity loss, while higher temperatures caused a 32% decline in solubility due to increased denaturation. Differential scanning calorimetry confirmed progressive structural changes with rising drying temperature. Moderate spray drying temperatures are recommended to preserve the functional properties of Dunaliella salina protein concentrate.",irrelevant,algae ,Dunaliella salina microalgae,protein,spray drying ,"solubility, viscosity behavior, structural transitions (DSC), functional solubility and rheology",algae_source,
syn128,doi128,Deamidation Treatment Enhances Solubility and Interfacial Properties of Gracilaria Red Seaweed Protein Extract,"Gracilaria red seaweed protein extract exhibits limited solubility and interfacial activity at neutral pH, restricting its use in acidic and low ionic strength food systems. This study applied enzymatic deamidation using protein glutaminase to modify Gracilaria protein extract and evaluated resulting functional properties. Deamidated extract showed a 2.7 fold increase in solubility at pH 7 and a 35% reduction in interfacial tension at the oil water interface. Circular dichroism spectra indicated reduced ordered secondary structure content following treatment. The results indicate deamidation is an effective strategy for broadening the functional application range of Gracilaria red seaweed protein extract.",irrelevant,algae ,Gracilaria red seaweed,protein ,enzymatic deamidation (protein glutaminase),"solubility, interfacial tension, secondary structure (CD), functional surface activity",algae_source,
syn129,doi129,Freeze-Drying Process Parameters Affect Aggregation Behavior and Foaming Capacity of Haematococcus pluvialis Protein Isolate,"Haematococcus pluvialis microalgae, primarily cultivated for astaxanthin production, also yields protein-rich biomass with potential functional applications, yet drying-induced structural changes remain underexplored. This study examined how freeze-drying shelf temperature (minus 40 to minus 10 degrees C) influenced Haematococcus pluvialis protein isolate aggregation and foaming capacity. Samples dried at minus 10 degrees C exhibited greater particle aggregation and a foaming capacity decrease to 21%, compared to 48% for samples dried at minus 40 degrees C. Scanning electron microscopy revealed denser, more collapsed microstructures at higher drying temperatures. Optimized freeze-drying conditions are recommended to preserve the functional foaming capacity of Haematococcus pluvialis protein isolate.",irrelevant,algae ,Haematococcus pluvialis,protein,freeze?drying ,"particle aggregation, foaming capacity, microstructure (SEM), functional foaming behavior",algae_source,
syn130,doi130,Microwave-Assisted Extraction Improves Yield and Solubility of Sargassum fusiforme (Hijiki) Protein Concentrate,"Sargassum fusiforme, a brown seaweed traditionally consumed in East Asian cuisine, contains protein that could be valorized for functional food ingredient development, though extraction method strongly influences recovery. This study compared conventional alkaline extraction to microwave-assisted alkaline extraction (700 W, 60 to 180 s) for Sargassum fusiforme protein concentrate and measured resulting yield and solubility. Microwave-assisted extraction increased protein yield from 46% to 69% and improved solubility at pH 7 from 27% to 55%. Particle size analysis indicated more efficient cell wall disruption under microwave treatment. These results suggest microwave-assisted extraction is a practical method for improving both yield and functional solubility of hijiki protein concentrate.",irrelevant,algae ,Sargassum fusiforme (hijiki),concentrate,microwave?assisted alkaline extraction,"solubility, particle size disruption, functional solubility behavior",algae_source,
syn131,doi131,Acid Hydrolysis Modification of Chondrus crispus (Irish Moss) Protein for Improved Foaming and Emulsifying Properties,"Irish moss, a red seaweed valued primarily for its carrageenan content, also contains protein with potential functional applications that remain understudied. This study applied controlled acid hydrolysis (0.5 to 1.5 M HCl) to Chondrus crispus protein extract and assessed resulting foaming and emulsifying properties. Foaming capacity increased from 9% in native protein to 42% after moderate hydrolysis, while emulsifying activity index rose to 17.4 m2/g. Molecular weight distribution analysis confirmed hydrolysis produced peptides predominantly in the 3 to 12 kDa range. These results suggest acid hydrolysis can substantially improve the functional performance of Irish moss protein extract for food applications.",irrelevant,algae ,Irish moss,protein,controlled acid hydrolysis (0.5–1.5?M HCl),"foaming capacity, emulsifying activity, molecular?weight distribution (3–12?kDa peptides), functional foaming and emulsification behavior",algae_source,
syn132,doi132,Effect of Alkaline Extraction pH on Viscosity and Water Holding Capacity of Ecklonia cava (Brown Seaweed) Protein Isolate,"Ecklonia cava is a brown seaweed species increasingly explored as a source of functional protein for food applications, though extraction conditions strongly affect its rheological performance. This study evaluated alkaline extraction at pH 9 to 12 on Ecklonia cava protein isolate and assessed resulting apparent viscosity and water holding capacity. Extraction at pH 11 produced protein isolate with the highest water holding capacity (5.9 g/g) and lowest apparent viscosity at 50 s-1 shear rate, compared to lower functionality at pH 9. Protein solubility and extraction yield both increased with rising extraction pH up to 11 before declining at pH 12. These findings indicate that alkaline extraction pH is a critical parameter for optimizing Ecklonia cava protein isolate functional properties.",irrelevant,algae ,Ecklonia cava (brown seaweed),protein,alkaline extraction,"apparent viscosity, water?holding capacity, solubility, extraction yield, functional rheological behavior",algae_source,
syn133,doi133,Ultrasonication Alters Structural and Emulsifying Properties of Isochrysis galbana Microalgae Protein Extract,"Isochrysis galbana, a marine microalga cultivated primarily for aquaculture feed, contains protein with potential functional relevance for human food applications that has been little explored. This study applied high intensity ultrasound (20 kHz, 100 to 350 W) to Isochrysis galbana protein extract and evaluated resulting structural and emulsifying changes. Ultrasonicated samples showed emulsifying activity index increases from 10.9 to 22.6 m2/g and emulsion stability improvements of 27% after 24 hours. Surface hydrophobicity increased with treatment intensity, as confirmed by fluorescence probe analysis, without significant protein aggregation. Ultrasound treatment is proposed as a mild processing method to enhance the functional properties of Isochrysis galbana protein extract for food use.",irrelevant,algae ,Isochrysis galbana (marine microalga),protein,"high?intensity ultrasound (20?kHz, 100–350?W)","emulsifying activity, emulsion stability, surface hydrophobicity, structural behavior without aggregation",algae_source,
