id,doi,section,chunk_index,chunk_text,source_type
10-3390_foods13050738_intro1,10-3390_foods13050738,intro,1,"Academic Editor: Domenico Gabriele

Soy Protein Isolate (SPI), a widely sourced and versatile protein, is known for its high
protein concentration, rich amino acid profile, low saturated fat and substitutability. It
offers substantial benefits in the food, health, pharmaceutical and cosmetics industries
because of its functional qualities, which include gelation, emulsification and foaming [1].
Three-dimensional network structure, one of the significant advantages of the gel properties
of SPI, provides an excellent performance in several applications [2]. Its gelation property
can be used to enhance the texture, stability and storage properties of products. In the
manufacture of vegetarian and alternative meat products, soy isolate protein gels can
mimic meat and provide a high-quality source of protein. In addition, soy protein gel
is widely applied as pasta additives, beverages and nutraceuticals that aim at providing
its versatility in different manufacturing processes [3]. However, due to the limitation
of structure, the traditional heat-induced gelation method has deficiencies in increasing
gel strength, water retention ability and other factors, which cannot meet the production
requirements. To solve this problem, enzymes or ionic reagents, such as TGase or Ca2+,
are often used to induce SPI gels, which are able to initiate modification reactions under
relatively mild conditions to achieve improved protein functionality. TGase catalyzes the

Received: 31 January 2024
Revised: 22 February 2024
Accepted: 26 February 2024
Published: 28 February 2024

Copyright: © 2024 by the authors.
Licensee MDPI, Basel, Switzerland.
This article is an open access article
distributed
under
the
terms
and
conditions of the Creative Commons
Attribution (CC BY) license (https://
creativecommons.org/licenses/by/
4.0/).

conversion of soluble proteins into three-dimensional structure polymers into a dense
and comprehensive network, contributing to enhance gel strength and stability [4]. As
it is temperature-independent of TGase-induced amide formation, it provides a greater
flexibility in gel formation under milder conditions [5]. Meanwhile, maintaining the
natural structure and functionality of SPI is particularly important in applications such as
substituting animal proteins, enhancing the nutritional value of foods by increasing the
protein content, such as in cereal bars, energy bars, or pH-sensitive food formulations.

Ultrasound technology, being a non-isothermal processing method, finds extensive use
in the realm of food processing, especially in modifying the physicochemical characteristics
of various food components [6,7]. It is extensively used in the soy protein modification
process, offering an efficient and controllable means of protein alteration due to harnessing
high-frequency sound waves. In the context of soy protein modification, ultrasonic treat-
ment enhances solubility by inducing conformational changes at the molecular level. It
also influences the physical and chemical structure of soy proteins, affecting secondary and
tertiary structures. According to Hu et al. [3], ultrasonication increases the solubility of SPI
dispersions by promoting the partial unfolding of SPI molecules. It increases the amount
of free sulfhydryl (SH) and surface hydrophobicity (H0), while decreasing particle size.
Khatkar et al. [8] discovered that ultrasonic treatment improved the hydration, thermal
properties and in vitro protein digestibility of soy protein. Ultrasound can promote the
increased exposure of active groups, facilitating chemical reactions or enzymatic modifi-
cations. Moreover, ultrasonic treatment accelerates reaction rates through the creation of
local turbulence and high-pressure zones. This technique plays a crucial role in improving
gelation properties, allowing for precise control over gel structure and properties in soy
protein. Hence, ultrasonic technology emerges as a prime option for modifying soy protein,
opening up novel possibilities for its application in the food industry, pharmaceuticals and
various other domains.

Nowadays, SPI modification still faces several challenges, including ensuring consis-
tency of modification results, reducing cost and equipment complexity, and controllability
in large-scale production. In order to overcome these difficulties, it requires a combination
of process optimization, technological innovation and sustainability [9]. However, most
conventional sonication modifications have been performed on commercially or laboratory-
extracted SPI [10]. For example, Hu’s [11] study found that high-intensity sonication
of SPI increased its surface hydrophobicity and free sulfhydryl content, and promoted
the formation of gel networks. This is consistent with the findings of Zhang et al. [12]
who showed that the gel strength and water-holding properties of SPI were significantly
improved by 40 min of ultrasound pretreatment, and that the microstructure was more
uniform and dense. The effects on functional properties, such as protein gelation, have
not been further observed when sonication is performed during the extraction process.
Karki et al. [13] first subjected defatted soy flakes to ultrasonic treatment during soy protein
extraction, which resulted in enhanced release of proteins and sugars in the extract, leading
to increased yields of both components. However, they did not further investigate the
impact on protein gel properties. Moreover, ultrasonic modification of SPI after extraction
may lead to increased costs. Thus, the hypothesis is proposed that it would be possible to
modify SPI by combining ultrasound with the extraction process. To address these issues,
a series of experiments was conducted exploring the impact of introducing ultrasound
treatment at the alkali solubilization stage of SPI.

This work aimed to study the microstructural and physicochemical impact of ultra-
sound therapy at varying intensities and durations on the of SPI properties by combining
the alkaline solubilization stage of SPI extraction with ultrasonic treatment. Subsequently,
the effects of ultrasonication on its TGase-induced gel properties, including structure,
strength, water-holding capacity and rheological properties, were evaluated. Finally, the
mechanism of the difference between the traditional and current modification methods
of SPI by ultrasound was studied. This investigation not only illuminated the refined

extraction process but also underscored the benefits of incorporating ultrasound treatment
in the alkaline solubilization phase to augment the overall functional properties of SPI.",pdf
10-1016_j-lwt-2020-110517_results_discussion1,10-1016_j-lwt-2020-110517,results_discussion,1,"PROTEIN DENATURATION AND SOLUBILITY:
The FPI suspension (2% protein w/w) had a native pH of 7.3. The amount of soluble protein (colloidal protein fraction, derived after dispersing for 2 h at 40 °C with subsequent centrifugation) was analyzed to be 95% (18 mg/mL). Therefore, majority of the proteins of FPI were soluble in the studied conditions. Our previous results had indicated around 80% solubility for FPI ( Nivala et al., 2017 ), however, the samples were dispersed at room temperature, while in the current study 40 °C was used which may have led to increased solubility.
The secondary structural features of the native (non-heated) and heat-treated colloidal faba bean proteins were analyzed by CD. The far-UV CD spectra of the native FPI showed a broad shoulder at 210–220 nm and a positive peak around 195 nm ( Fig. 1 ). The broad negative shoulder at 210–220 nm indicates that the structure consists predominantly of parallel and anti-parallel β-sheet structures however the typical distinct negative peak at 216–218 nm associated with well-defined β-sheets was missing. The dominant β-sheet conformation is generally expected for legumins ( Choi & Ma, 2007 ; Clara Sze, Kshirsagar, Venkatachalam, & Sathe, 2007 ; Martínez-Velasco et al., 2018 ; Schwenke et al., 2000 ; Yin et al., 2010 ), though there are not many published studies on far-UV spectra of FPI. The protein composition of the FPI used in the current study comprised of legumin and vicilin polypeptides as well as higher MW proteins ( Nivala et al., 2017 ). The multi-protein nature of the plant material may inhibit collection of proper dichroic data. Liu et al. (2019b) recently reported the effect of TG-induced crosslinking on the far-UV spectra of a similar FPI preparation. A wide negative peak at 210–225 nm was evident which showed minor shifts after TG crosslinking at lower dosages than in the current study ( Liu et al., 2019b ). The far-UV CD spectra of the heat-treated (90 °C, 30 min) FPI sample showed a clear shift towards 200 nm and loss of positive peak around 195 nm ( Fig. 1 ). The shift clearly indicates the loss of ordered structures and the increase of random coil conformation and molecular flexibility. The spectrum for the heat-denatured FPI shows similarity with e.g. molten globule state of bovine β-lactoglobulin ( Ercili-Cura et al., 2012 ). The denaturation temperature of FPI was measured to be 94 °C by differential scanning calorimetry in our previous study ( Nivala et al., 2017 ). Thus, a partially unfolded structure is expected in the current heat treatment conditions.

ENZYMATIC CROSSLINKING OF THE HEAT-TREATED PROTEINS:
Enzyme treatment with 1000 nkat TG/g protein dosage caused efficient crosslinking of the faba bean proteins to large polymers (>250 kDa) identified by SDS-PAGE ( Fig. 2 ), which was also depicted in ( Nivala et al., 2017 ). FPI was composed mainly of legumin-like 11S proteins (α- and β-polypeptides). Faint bands of vicilin and convicilin were visible. The TG-induced crosslinking of the proteins was intensified after the heat treatment. When the heat-treated (90 °C, 30 min) FPI was incubated with TG, it was observed that both hydrophilic α- and hydrophobic β-polypeptides were crosslinked into large polymers ( Fig. 2 ). Whereas without the heat treatment, β-polypeptides of legumin-like 11S globulins, buried inside the core of the native proteins, stayed mainly intact after TG treatment. The change observed in the secondary structure of faba bean proteins i.e., partial denaturation and molten globule-like conformation formation may have facilitated efficient exposure of β-polypeptides to the enzyme and formation of inter-molecular γ-glutamyl-lysine isopeptide links. Neither heat treatment, nor TG-induced crosslinking caused a dramatic change in the amount of soluble proteins analyzed from the colloidal fraction (data not shown). The results indicate that the colloidal particles resisted extensive particle-particle interactions at the studied concentration of around 18 mg/mL in the colloidal fraction.

SURFACE HYDROPHOBICITY AND EMULSION PROPERTIES:
The surface hydrophobicity of colloidal FPI sample increased remarkably after the heat treatment (from 181 to 504 RFU) while the TG treatment caused a decrease in surface hydrophobicity of the heat-treated FPI from 504 to 435 RFU ( Table 1 ). Similarly, a decrease in surface hydrophobicity was observed for TG-treated native FPI. Increase in surface hydrophobicity after heat treatment is due to dissociation of subunits and partial unfolding of globulin structures exposing the buried hydrophobic sites. Similar increase in hydrophobicity was reported for e.g. soy protein isolate ( Wang, Li, Jiang, Qi, & Zhou, 2014 ). Decrease of surface hydrophobicity due to enzymatic crosslinking may be explained by decreased structural flexibility of colloidal proteins due to intra-molecular and intra-particle crosslinking ( Ercili-Cura et al., 2015 ; Nivala et al., 2017 ), meaning that crosslinking reduced availability of hydrophobic sites. ANS is a fluorescent probe, which binds to hydrophobic sites on the protein surface, while a second mechanism of binding involves electrostatic interaction between positively charged amino acid residues (involving lysine) and the negatively charged sulfonate group of ANS ( Johnston, Nickerson, & Low, 2015 ; Lee, 2010 ). Thus, possible change in spatial organization of the surface hydrophobic sites e.g. observed by loss of β-legumins into larger aggregates ( Fig. 2 ) and even loss of lysine residues into TG-induced formation of γ-glutamyl-lysine bonds may have caused reduction of surface hydrophobicity in crosslinked FPI samples.
The emulsion properties, EAI and ESI, were analyzed following the turbidity change in the bottom of the emulsion tubes ( Table 1 ). EAI values ranging between 25 and 30 m 2 /g were obtained for all the samples. A similar EAI range was reported for soy protein isolates at pH 6.5 by Pearce and Kinsella (1978) . For comparison, EAI values of 149 and 119 were reported for sodium caseinate and whey protein powder, respectively ( Pearce & Kinsella, 1978 ). Heat treatment caused a minor increase in EAI of FPI from 25.1 to 27.4 m 2 /g. TG treatment also caused increase of EAI in native faba bean proteins (up to 30.5 m 2 /g). EAI, is an index of the area stabilized per unit weight of protein, and it is a function of the oil volume fraction. Thus, EAI depends on the protein/oil ratio chosen for the study, and is also affected by the methodology and equipment used to prepare the emulsions ( Pearce & Kinsella, 1978 ). Therefore, making comparisons of EAI values between other reported values in literature is challenging. Based on the observed ESI values, no conclusions can be made on stability of the emulsions due to high standard deviations (>10%) observed for each case. ESI is reliable parameter only when ‘good enough’ emulsion is achieved. The emulsions generated in the current study were not stable in that respect. Similar value range, however, was reported for salt extracted faba bean, lupin, pea, chick pea and soybean protein stabilized emulsions by Can Karaca et al. (2011) and for faba bean proteins for emulsions generated with much lower protein/oil ratio. Johnston et al. (2015) reported improved creaming stability after crosslinking of faba bean proteins with genipin and hypothesized that the interface formed of crosslinked proteins would show higher resistance to destabilization. In addition, optimal (slight) reduction in solubility may provide a thicker interface with improved steric stability. We have previously reported around 70% reduction of protein solubility for native faba bean proteins when crosslinked with TG (1000 nkat/g protein) ( Nivala et al., 2017 ). In the current study, only colloidal protein fraction was used for heat and TG treatments and subsequent emulsification. The differences between EAI values have been minor indicating emulsions were stabilized by similar colloidal particles despite the heat and TG treatments in the studied conditions. No correlation between emulsion properties and surface hydrophobicity was possible either. It would be expected that increased surface hydrophobicity would improve emulsifying activity of proteins as hydrophobicity is one of the driving forces for adsorption of proteins to oil/water interface, however increased protein-protein interactions would be the limiting factor. Molina, Papadopoulou, and Ledward (2001) reported similar phenomena for high pressure treated soy protein 11S globulins at pH 6.5. It was indicated that surface hydrophobicity is more indicative for emulsifying properties in the case of highly soluble proteins, whereas for proteins with lower solubility, solubility is more important parameter ( Molina et al., 2001 ). Overall, emulsifying properties of FPI were not affected dramatically by the heat and TG treatments in the current conditions. It should be investigated further using other protein/oil ratios.

GEL FORMATION:

HEAT-INDUCED GELATION:
Rheological changes during heat treatment (90 °C, 5 min) of FPI dispersions at concentrations of 10 and 15% (w/w) were followed by small deformation oscillatory measurements performed during heating and cooling cycles ( Fig. 3 ). The whole FPI suspension without separation of the colloidal fraction was used for the gelation experiments. Despite a heat treatment duration of 30 min was used in the rest of the study, in-situ heating experiment was performed for an incubation period of 5 min (at 90 °C) using the plate-plate geometry to minimize the possible evaporation impact. It was observed that at both concentrations, the dispersions started to show gel-like characteristics (tanδ >1) at around 83 °C (30 min after the start of heating cycle). The denaturation temperature for FPI was shown to be 94 °C in our previous publication with onset of denaturation temperature being around 83 °C ( Nivala et al., 2017 ). Similar gelation temperature was reported for soy protein isolate ( Renkema & van Vliet, 2002 ). The modulus continued to increase during the cooling cycle and plateaued at around 25 °C (70 min after the start of heating-cooling cycle). At 10% concentration, FPI dispersion showed gel-like characteristics with a final storage modulus ( G′ ) value of 180 Pa. However, the sample was still easily flowing, thus it was possible to use that condition for acidification and TG-induced gelation subsequently. Increasing the protein concentration to 15% resulted in slight increase of final G′ to 230 Pa at the studied heating conditions ( Fig. 3 ). Higher G′ values were reported for 15% FPI gels at neutral pH when heat-treated at 95 °C, for 30 min and cooled back to room temperature ( Langton et al., 2020 ). It is known that gel stiffness correlates well with the degree of protein denaturation, i.e. the higher the degree of denaturation the higher the G′ of heat-induced gel for e.g. soy 11S globulins ( Renkema, Gruppen, & van Vliet, 2002 ; Renkema & van Vliet, 2002 ). With the heat treatment conditions used in the current study, stiff gels were not achieved at either protein concentration, as the degree of protein denaturation was not extensive. The main target for studying heat-induced changes in rheological properties of the 10 and 15% dispersions in the current study was to show the effects of pre-heat treatment at 90 °C on dispersion state before using such for the subsequent acid- and TG-induced gelation studies.",elsevier_txt
10-1016_j-fbio-2023-102761_results_discussion2,10-1016_j-fbio-2023-102761,results_discussion,2,"EMULSIFYING PROPERTIES:
Protein emulsifying agents should readily form oil-in-water emulsions with small droplet sizes and keep them stable over time. The emulsifying properties of HSPIs at pH 7.0 were evaluated by emulsifying activity index (EAI), emulsifying stability index (ESI), and average emulsion droplet size (Z-Ave) ( Fig. 4 ). Regardless of the isolation method, non-germinated HSPIs did not perform well as emulsifiers, exhibiting very low EAI values. Only hemp seed samples that underwent 5-days of germination were good emulsifiers. Long-term germination increased the EAI to 33.05 m 2 g −1 for G5-IP while UF further increased EAI to 36.48 m 2 g −1 for G5-UF, but both values were statistically similar. ESI was measured for each emulsion 48 h after formation, but when emulsions have a low EAI to start, such as for non-germinated and short-term germinated samples, the resulting ESI values are not meaningful. Again, G5-IP and G5-UF demonstrated very similar stability values of approximately 10%.
Z-Ave is another metric to evaluate an emulsion, since smaller droplets tend to remain stable over longer periods of time compared to larger droplets ( Damodaran, 2005 ). G5-IP and G5-UF formed emulsions with similar Z-Ave, showing their similarities in emulsion stability. This finding is in agreement with prior literature, which did not experience any significant change in emulsifying properties between IP and UF for pulse protein concentrates ( Boye et al., 2010 ). However, when UF was paired with hemp seed germination, Z-Ave decreases from 4.7 μm for G0-IP to 2.2 μm for G5-UF, a significant reduction in droplet size that reflects an improvement in emulsifying ability.
Protein composition and solubility, surface hydrophobicity, and aggregation state can all play a role in the emulsifying ability of a protein isolate ( Tang et al., 2006 ). Despite the lower solubility of G5-UF (6.74%) compared to G5-IP (18.45%) at pH 7.0, the two protein isolates exhibited similar EAI, ESI, and Z-Ave values. Their comparable emulsifying abilities are not well explained by surface hydrophobicity or aggregation behavior either. G5-IP has a surface hydrophobicity of 74.5 arbitrary units, while G5-UF has a value of 120.2 ( Table S2 ). The two protein isolates also form soluble aggregates of similar size at pH 7.0 ( Fig. S2 ). Different composition and physicochemical properties between G5-IP and G5-UF, and their similarities in emulsifying properties, suggest that small peptide fragments that are removed during UF are inconsequential for forming and stabilizing emulsions. Alternatively, non-protein components in a protein isolate can sometimes aid in stabilizing emulsion droplets ( Malomo et al., 2014 ). We did observe a correlation between the low protein purity of G5-IP and G5-UF (87.61 and 87.86%) and high EAI, and further studies regarding the nature of the non-proteinaceous components in the protein isolate its impact on EAI should be explored.

GELLING PROPERTIES:
In order to replace gelled animal-protein foods, such as yogurt and cooked eggs, plant protein ingredients should form gels at various concentrations. The gelling properties of HSPI depended on the extent of germination and protein isolation method ( Table 3 ). Least gelation concentration (LGC) was similar among G0-IP, G3-IP, and G5-IP samples at 2 w/v%, with G1-IP exhibiting a slightly higher LGC at 2.5 w/v%. Previous findings reported that 1-day germinated HSPIs experienced an increased LGC due to the lower concentration of protein in the isolate ( Liu et al., 2023a ). Yet, in this study, the concentration of protein in G1-IP is equivalent to G3-IP, which did not experience any change in LGC. Instead, the protein modifications that occurred in early-stage germination may have affected the hemp seed protein structure in a way that weakens its ability to crosslink and form gel networks.
UF diminished the ability of germinated HSPI to form gels at low concentrations. G0-UF and G1-UF did not experience a change in LGC, but LGC values increased for G3-UF (4 w/v%) and G5-UF (6 w/v%) from their IP counterparts (2 w/v%). Since UF removed the smallest peptides from G3 and G5 protein isolates and dramatically increased their LGC, it may be inferred that these small proteins were integral to gel formation at low concentrations, a finding which is supported by a previous study ( Bi et al., 2014 ). At the same time, large storage proteins that compose most of G0-UF and G1-UF are no longer present in high concentrations in G3-UF and G5-UF due to protein mobilization and degradation. With the smallest peptides lost to UF and the largest proteins degraded from long-term germination, G3-UF and G5-UF contained only mid-sized protein components that were less capable of forming gel networks, thus their increases in LGC.",elsevier_txt
10-1016_j-foodchem-2020-126921_abstract1,10-1016_j-foodchem-2020-126921,abstract,1,"Modifying proteins with new methods to improve their functional properties is essential to extend their application in food related field. In this study, the effect of pH-shifting treatment on structural and heat induced gel properties of peanut protein isolate (PPI) were investigated. PPI was subject to different pH conditions (pH 2, pH 4, pH 10, and pH 12) for 1 h, then adjusted back to pH 7 and they were marked as PPI2, PPI4, PPI10, and PPI12, respectively. It was found that the breaking force (BF) and water holding capacity (WHC) of PPI10 gel were significantly improved due to the decreased particle size, increased solubility, free sulfhydryl group content and surface hydrophobicity of PPI10. While PPI2 or PPI12 lost their gel ability due to the formation of large protein aggregates. These results indicated that pH-shifting treatment might be a convenient and economical method to prepare PPI with different gel and structural properties.

KEYWORDS: Peanut protein isolate; pH-shifting; Gel properties; Structure",elsevier_txt
10-1016_j-foodchem-2024-141594_methods2,10-1016_j-foodchem-2024-141594,methods,2,"EMULSIFYING ACTI V ITY INDEX (EAI) AND EMULSIFYING STABILITY INDEX (ESI):
The emulsifying activity index and emulsifying stability index were determined following the method of Wang et al. (2021) , with slight modifications. 3 mL of 0.1 % ( w / v ) pepper seed protein isolate solution was mixed with 3 mL of pepper seed oil. The solution was homogenized with a homogenizer for 2 min at a speed of 12,000 rpm. 50 μL of the emulsion was quickly taken from the bottom of the obtained emulsion and added to 5 mL of a 0.1 % SDS solution, mixed well. The absorbance value (A 0 ) at 500 nm was then measured using the 0.1 % SDS solution as a blank to calculate the emulsifying activity. After standing for 10 min, the above procedure was repeated to determine the absorbance value (A 10 ) to calculate the emulsion stability. The EAI and ESI of PSPI under different treatment conditions were calculated using the following formulas: (4) EAI m 2 / g = 2 T × D × A 0 / C × ϕ × 100000 (5) ESI % = A 10 / A 0 × 100 % where T is a constant (2.303); D is the dilution ratio; C is the protein concentration, g/mL; ϕ is the volume fraction of the oil, %.

FOAMING CHARACTERISTICS (FC) AND FOAMING STABILITY (FS):
The foaming characteristics and foaming stability were determined following the method of Zhang et al. (2012) , with slight modifications. The pepper seed protein isolate solution with a concentration of 10 mg/mL was prepared, and 4 mL of the solution was homogenized for 2 min at a speed of 10,000 rpm. The resulting foam was quickly transferred to a 10 mL cylinder. The initial foam volume ( V 0 ) at 0 min was recorded to calculate the foaming property. After standing for 30 min, the residual foam volume (V 1 ) was recorded to calculate the foaming stability. The FC and FS of PSPI under different treatment conditions were calculated using the following formulas: (6) FC % = V 0 / 4 × 100 % (7) FS % = V 0 / V 1 × 100 %

RHEOLOGICAL PROPERTIES:
The rheological properties were determined using a TA DHR-2 Rheometer (TA Instruments, USA) following the method of Xu et al. (2020) , with slight modification. The PSPI solutions were prepared with distilled water, and measurements were conducted at ambient temperature. A plate fixture, measuring 40 mm in diameter with a 1 mm clearance, was utilized to achieve a gap of 400 μm between the plate and platform. The shear rate ranged from 0.1 s −1 and 1000 s −1 . The rheological properties of the pepper seed protein isolate solution were evaluated through flow slope analysis. The study aimed to establish the relationship between shear stress and shear rate, as well as the impact of shear rate on viscosity. The results were then analyzed using rheometer software.

STATISTICAL ANALYSIS:
All experiments were conducted in triplicate. Statistical analysis was conducted following the method of El-Hadary et al. (2023) . Results were expressed as mean ± standard deviation (SD) and analyzed by one-way analysis of variance (ANOVA). A P value of <0.05 was considered statistically significant. Statistical analyses were conducted using SPSS 19.0 (SPSS Inc., Chicago, IL, USA).",elsevier_txt
10-1016_j-foodres-2023-113912_intro1,10-1016_j-foodres-2023-113912,intro,1,"Imbalances between global supply and demand for protein sources are becoming apparent as the global population grows rapidly. Accordingly, the demand for plant-based meat has increased significantly to address concerns related to global public health, animal welfare, and environmental sustainability ( Greis et al., 2020; Lin et al., 2022; Wang et al., 2022a ). Soybean and pea proteins are widely used as raw materials in plant-based meats because of their superior nutritional and functional properties, including their emulsification and gelation capacities ( Boye, Zare, & Pletch, 2010; Zhao, Shen, Wu, Zhang & Xu, 2020 ). Nevertherless, these proteins have several drawbacks. These legume proteins contain food allergens and antinutrients (isoflavones and trypsin inhibitors) that can cause digestive disorders, such as nausea, diarrhea, and indigestion ( Savage, Kaeding, Matsui, & Wood, 2010; Taylor et al., 2021 ). In addition, the flavor of the raw ingredients can affect the final flavor of plant-based meats, thereby decreasing their consumer appeal ( Wang et al., 2021; Youssef et al., 2020 ). Thus, many attempts have been made to replace soybean protein with other plant proteins ( Malomo, He, & Aluko, 2014; Nie, Liu, Jiang, Xiong, & Zhao, 2022 ).
Mung beans ( Vigna radiata L. ) are an important edible legume crop widely cultivated in Southeast Asia, South America, Australia, and Africa. They can be economically cultivated in dry climates and are rich in proteins (21.0 % to 31.3 %), essential amino acids, minerals, and vitamins B and C ( Anwar, Latif, Przybylski, Sultana, & Ashraf, 2007 ). Furthermore, mung bean protein isolate (MBPI) is easily digested compared to other legumes and is relatively low-cost ( Hou et al., 2019 ). Based on these benefits, MBPIs are currently attracting attention as raw materials for plant-based meats ( Liu et al., 2021; Yi-Shen, Shuai, & Fitzgerald, 2018 ). However, the applications of MBPI to foods are limited due to its poorer functional properties compared to soybean protein isolate ( Ratnawati, Desnilasari, Surahman, & Kumalasari, 2019 ). In particular, the gelation properties and fibrous structure of proteins can affect the texture of the final product, which depends on melting and cooling processes within the extruder ( Lin et al., 2022 ).
Various structural modification methods, including chemical, enzymatic, and physical methods, have been used to attempt to improve the techno-functional properties of MBPIs. Each method has its advantages and limitations ( Chen & Campanella, 2022; Luo, Yang, Wang, Ashokkumar, & Hemar, 2022; Wang et al., 2023a ). pH-shifting is an eco-friendly and simple method for modifying protein structures without the need for chemical reagents or expensive equipment. Under extreme pH conditions (alkaline or acidic), protein interactions (including van der Waals forces and hydrophobic interactions between protein molecules) are destroyed by strong electrostatic repulsions. Subsequently, globular proteins become flexible, adopting “molten globule” structures due to the cleavage of chemical bonds. These structures can be partially refolded, and new protein structures can be maintained at neutral pH. The neutralized proteins from the molten globule state possess increased solubility, surface hydrophobicity, and flexible secondary structures (random coils), thereby improving the flexibility of the overall protein structure ( Jiang et al., 2022; Yan et al., 2021 ). The exposure of buried amino acid residues and increased protein solubility may improve the techno-functional properties of modified proteins. Many researchers have reported that pH-shifting improves the gelation properties of legume protein-derived gels, including pea, peanut, and soybean proteins, by changing their structure ( Jiang, Xiong, & Chen, 2010; Li et al., 2020; Zhu, Huang, Guo, & Chen, 2021 ). Additionally, some studies have assessed emulsion gels derived from MBPI treated with pH-shifting at pH 12 ( Nie et al., 2022; Wang et al., 2022a ). However, these studies only focused on the phenomenological enhancement of gel properties without structural analyses and were limited to MBPI treated with pH-shifting at pH 12, without considering other pHs. With a comparison of acidic and alkaline pH-shifting, the main structural differences that impact the techno-functional properties of MBPI treated by pH-shifting should be identified to understand the principle of their improvement. Furthermore, different degrees of electrostatic repulsion can lead to noticeable structural changes, such as the disruption of protein units ( Li et al., 2020 ).
The objective of this study was to investigate the effects of pH-shifting on the structural properties, water holding capacity, and gelation propertiesof MBPI. Considering that excessively high or low pH-shifting could decrease protein purity, we assessed the effects of pH-shifting (from pH 2 to pH 12) on MBPI. To study pH-shifting-induced structural changes in the modified MBPIs, they were subjected to structural and physicochemical analyses, including surface hydrophobicity, free sulfhydryl and disulfide bond contents, FT-IR, secondary structure contents, and SDS-PAGE analyses. Also, we evaluated the water holding capacity and gel formation ability (least gelation concentration) of modified MBPI treated by pH-shifting. Finally, through rheological and morphological analyses, the gel properties of heat-induced gels derived from pH-shifting-modified MBPI were measured to survey the impact of increased water holding capacity on their gelation properties.",elsevier_txt
10-1007_s13197-019-03785-8_results_discussion1,10-1007_s13197-019-03785-8,results_discussion,1,"Proximate composition

Moisture, protein, lipid, and total carbohydrate contents of
SCKF and DSCKF are shown in Table 1. The proximate
composition of SCKF was similar to those reported in the
literature. The moisture content of sour cherry kernel was
recorded as 3.91% (Yılmaz and Go¨kmen 2013). The pro-
tein content of sour cherry kernel was found to be 25.3% by
Lazos (1991) and 37.80% by Kamel and Kakuda (1992).
The reported lipid content of sour cherry kernel was 26.0%
(Lazos 1991), 32.0–36.0% (Bak et al. 2010), 41.9% (Kamel
and Kakuda 1992). Lazos (1991) and Yılmaz and Go¨kmen
(2013) reported that the total carbohydrate content of sour
cherry kernel was 34.5% and 46.6%, respectively.

After extraction, the lipid content of the kernel ﬂour was
reduced from 34.75 ± 0.68% to 9.00 ± 0.28%, indicating
lower lipid extraction efﬁciency. The reason for this result

(Subagio 2006). The extraction pHs of too high or too low
may result in a structural damage in proteins; therefore,
although a higher yield of protein extraction was obtained at
pH 12.0 (76.9%), the optimum pH value for protein
extraction was assumed to be pH 10.0.

(2006) reported a higher yield of 37–40% for hyacinth bean
protein isolate.

SDS-PAGE

SDS-PAGE analysis was performed to determine apparent
molecular weight distribution of the proteins recovered in
SCKPC and the electrophoretogram generated is presented
in Fig. 2. As can be seen from the electrophoretogram,
apparent molecular weights of proteins in SCKPC varied
from 14 to 66 kDa under reducing and denaturing condi-
tions. More speciﬁcally, ﬁve major protein bands (sub-
units) with approximate apparent molecular weights of 45,
36, 29, 23, and 16 kDa were observed.

Production and composition of SCKPC

Sour cherry kernel protein concentrate was produced by
extracting the proteins at pH 10.0 and precipitating at pH
4.5 at room temperature. While the minimum solubility
was observed at pH 4.0, the isoelectric precipitation was
performed at pH 4.5 due to the formation of a ﬁrmer pre-
cipitate. The protein rich product obtained by this way was
regarded as protein concentrate because its protein content
in the dry matter (83.86%) was less than 90%. The prox-
imate composition of SCKPC (Table 1), except for protein
content was parallel to the results reported for barley pro-
tein concentrate (Fernandez-Quintela et al. 1997) and
chickpea protein concentrate (Ghribi et al. 2015).

Almost all of the proteins present in DSCKF were also
present in SCKPC, indicating that practically all the kernel
protein sub-units were transferred to SCKPC. Additionally,
the electrophoretogram showed that no signiﬁcant protein
degradation was occurred during protein concentrate pro-
duction. However, some of the minor bands between
29–36 kDa in DSCKF were absent in SCKPC. This may be
due to the fact that these protein bands were not extracted
at pH 10.0 or remain soluble at pH 4.5.

While 74.1 ± 2.50% of the sour cherry kernel proteins
were solubilized at pH 10.0, only 35.56 ± 0.52% of the
proteins were recovered in SCKPC by precipitating at pH
4.5, indicating a poor protein recovery rate (18.59 g of
SCKPC was produced from 100 g of DSCKF). In order to
increase the protein recovery rate, higher extraction tem-
peratures, multi-stage extraction and membrane ﬁltration
techniques can be used. Additionally, enzymes such as
pectinase, cellulases, phytase and xylanase can assist to
increase the extractability of proteins bound to cellular
components and phytate. Studies on the protein extraction
from different sources showed that the recovery rates were
varied signiﬁcantly. While Kaushik et al. (2016) found a
yield of 20.09% for ﬂaxseed protein concentrate; Subagio

Colour properties

Among the colour parameters (CIE L*, a* and b*), the L*
and b* values of SCKF (69.73 ± 1.08 and 27.73 ± 0.15),
DSCKF (84.19 ± 1.94 and 15.80 ± 0.71) and SCKPC
(55.43 ± 0.96 and 23.71 ± 0.50) were considerably dif-
ferent from each other (p \ 0.05); however, there were no
signiﬁcant
differences
between
a*
values
of
SCKF
(5.11 ± 0.18)
and
SCKPC
(5.67 ± 0.21)
(p [ 0.05).
DSCKF
had
the
highest
L*
value
and
the
lowest

Additionally, information on the solubility of proteins is
important for extracting and purifying proteins from natu-
ral resources. The solubility of a protein depends on such
factors as pH, ionic strength, temperature, concentration
and the presence of other molecules (Damodaran 1997). As
can be seen from Fig. 3, the solubility of SCKPC was
clearly
pH
dependent.
The
maximum
solubility
(92.96 ± 1.66%) was observed at pH 12.0 and it was
similar to the solubilities at pH 2.0 (85.52 ± 2.81%), 9.0
(86.26 ± 1.26%),
10.0
(90.15 ± 1.87%)
and
11.0
(90.70 ± 2.20%) (p [ 0.05). Greater protein solubilities at
these pHs were likely associated with increased positive or
negative charges resulting in electrostatic repulsion (Moure
et al. 2001). The lowest solubility was at pH 5.0
(12.41 ± 1.23%), and the solubility at this pH was con-
siderably
different
from
solubilities
at
other
pHs
(p \ 0.05). As is the case in the present study, the majority
of food proteins are acidic and their minimum solubilities
are in the range of pH 4.0 to 5.0, and their maximum
solubilities are in alkaline pHs (Damodaran 1997). Shev-
kani et al. (2015) reported that cowpea protein isolates
showed the lowest protein solubility at pH 4.0–5.0, while
high protein solubility in acidic and alkaline pH.

The protein solubility of SCKPC in water at different
pHs showed a U-shaped curve (Fig. 3), similar to cashew
nut protein isolate (Ogunwolu et al. 2009), walnut protein
isolate and concentrate (Mao and Hua 2012), and cowpea
protein isolates (Shevkani et al. 2015).

Water holding capacity

a*(1.56 ± 0.47) and b* values, indicating the highest
lightness and the lowest redness and yellowness compared
to the other samples. There was a signiﬁcant increase
(p \ 0.05) in the L* value of DSCKF compared to SCKF,
resulting probably due to the removal of lipid and lipid
soluble pigments. On the other hand, the lowest L* value
(p \ 0.05) was obtained for SCKPC, indicating that the
Maillard type browning reactions occurred probably during
drying at 50 C. Similar result (a lower L* value) was
reported for chickpea protein concentrates (Ghribi et al.
2015) because of longer drying time at 40 C. L*, a* and
b* values in the range of 62.9 to 77.6, 2.7 to 7.8 and 16.3 to
19.4, respectively were reported for cowpea protein iso-
lates (Shevkani et al. 2015).

The water holding capacity is regarded as an indicator of
the ability of a protein to physically hold water against
gravity (Kinsella 1981). WHC is a crucial functional
property for highly viscous foodstuffs such as soups,
doughs, gravies, sauces, and bakery products. The water-
holding ability of the protein molecule is a function of size,
shape, hydrophilic and hydrophobic interactions. Further-
more, water holding capacity is affected by lipid and car-
bohydrate content, and the properties of amino acid
residues on the surface (Damodaran 1997).

The WHC of SCKPC was 2.42 ± 0.09 g water/g
(242%), being higher than those of pea protein isolate
(1.7 g/g), broad bean protein isolate (1.8 g/g), soy protein
isolate (1.3 g/g) (Fernandez-Quintela et al. 1997), bayberry
kernel protein isolate (2.2 g/g) (Cheng et al. 2009), cashew
protein concentrate (1.74 g/g) (Ogunwolu et al. 2009), and
apricot kernel protein concentrate (1.40 g/g) (Sharma et al.
2010). However, it was lower than those of ﬂaxseed protein
concentrate (2.70 g/g) (Martinez-Flores et al. 2006), and
various rice bran protein concentrates (3.87–5.60 g/g)
(Chandi and Sogi 2007). Water holding capacity is a useful
indication of whether protein concentrate or isolates can be

Protein solubility

Protein solubility is a crucial factor for food applications
because it affects the other functional properties such as
emulsifying and foaming capacity, and serves as a useful
indicator of denaturation and interactions of proteins.

incorporated into aqueous food formulations. Higher WHC
of SCKPC suggests its appropriateness for improving the
viscosity of food formulations. Hence, it could be useful in
extension of shelf life of meat products through the
reduction of moisture loss.

capacity may determine whether the protein concentrate or
isolate can perform well as meat extenders or analogues. As
the SCKPC demonstrated satisfactory oil holding capacity,
it could ﬁnd application in sausages and cake batters.

Foaming capacity and stability

Oil holding capacity

Foam formation and properties are inﬂuenced by the type
of protein, preparation method, composition, solubility,
concentration, pH, the presence of salts and hydrophobic
interactions.
Moreover,
molecular
elasticity,
surface
hydrophobicity, charge distribution and hydrodynamic
properties affect foam formation and stability (Kinsella
1981). Foaming capacity depends on the diffusion of sol-
uble proteins toward the air–water interface, rapid con-
formational change and rearrangement at the interface
(Damodaran 1997). Therefore, ﬂexible protein molecules
have a good foaming capacity. On the other hand, globular
proteins, whose surface denaturation is very difﬁcult, have
low foaming capacity.

The interaction between protein and lipids determines the
sensory qualities of many foods. These interactions are
inﬂuenced by pH, ionic strength, temperature and the other
variables in the system. Proteins with low solubility and
high hydrophobicity can hold oil in large quantities
(Damodaran 1997). High oil holding is essential for some
food systems such as sausages, cake batters, mayonnaise
and salad dressings (Chandi and Sogi 2007).

The oil holding capacity of SCKPC was 1.73 ± 0.17 g
oil/g (173%), being lower than that of sodium caseinate
(2.00 ± 0.04 g/g), but there were no signiﬁcant difference
(p [ 0.05). High OHC may indicate the presence of large
amounts of hydrophobic groups on the surface of the
protein molecule (Subagio 2006; Kaur and Singh 2007).
According to these results, there may be similar amount of
hydrophobic groups on the surface of sour cherry proteins
and casein molecules.",pdf
10-3390_foods10030667_intro1,10-3390_foods10030667,intro,1,"Soy is a source of the predominant vegetable proteins. Soy protein isolates (SPI) are
generally produced from soybean by being collected as precipitated curd in the acidic
condition [1], and SPI are essential for a wide range of protein-based food formulations [2,3],
owing to their outstanding processing ability, high nutritional value, and low cost. The
functional properties of SPI, such as solubility and emulsifying properties, are determined
by the protein composition, structure, degree of denaturation, and aggregation. According
to the needs in the speciﬁc food system, those properties can be modiﬁed by chemical,
physical, or enzymatic methods [4].

Publisher’s Note: MDPI stays neutral
with regard to jurisdictional claims in
published maps and institutional afﬁl-
iations.

High hydrostatic pressure (HHP) technology is a non-thermal food-processing method
showing potential for the development of new food products with additional functional
and health beneﬁt [5]. Under HHP, proteins are regulated by the Le Chatelier’s principle
and shifted to a lower volume conformer, which in turn changes their structure and
conformation and inﬂuences their functional properties [6,7]. A number of researchers
have studied the impact of HHP treatment on SPI in recent years and found that solubility,
water holding capacity, and foaming property could be improved under medium-high
pressure (up to 400 MPa) for short processing time (5–20 min), while these properties
tend to decline under ultra-high pressure (above 400 MPa) [8–10]. Li et al. conﬁrmed

Copyright: © 2021 by the authors.
Licensee MDPI, Basel, Switzerland.
This article is an open access article
distributed
under
the
terms
and
conditions of the Creative Commons
Attribution (CC BY) license (https://
creativecommons.org/licenses/by/
4.0/).

that the HHP modiﬁed SPI could have potential utilization in infant formula, lying in
the better swallowing properties, in vitro digestibility, and lower allergenicity [11]. Other
researchers found that protein solubility and in colloidal solubility of SPI are improved, and
colloidal-stable calcium added SPI dispersions can be obtained by HHP treatment, since
pressure promotes the formation of calcium-protein species that could establish bridges
between the droplets [12].

Plant protein replaced food products have received great attention lately due to the
increasing consumer awareness about the impacts of animal-based food production on the
environment and health beneﬁts of plant protein over animal protein, e.g., lowering blood
cholesterol level [12,13]. Soybean has been especially a popular source for plant-based
yogurt recently, because of its accessibility and quality. Previous studies suggested that
soy-based media might possess sufﬁcient substrates to promote the growth of probiotic
microorganisms [14,15]. However, the main problems with this type of product are appear-
ance and texture caused by phase separation and the off-ﬂavor of the plant material [16].
Besides combinations of gelling agents, improving the functional properties of proteins,
especially increasing the stabilization of soy proteins on acidiﬁed food systems, may be
a solution [17]. For the ﬂavor of soybean products, controlling its Lipoxygenase (LOX)
activity is very important, since it is responsible for the generation of a series of off-ﬂavor
components in soybean and soy-derived products. As mentioned earlier, modiﬁed by
HHP can improve the functional properties of SPI, thus improving the quality of soybean
products. To the best of our knowledge, this research revealed an application of modiﬁed
soy proteins in yogurt for the ﬁrst time.

The main purpose of this work is to use HHP treatment to improve the functional
properties of SPI and apply it in producing soy-based yogurt. Response surface method-
ology was used to optimize the HHP process to modify the functional properties of SPI,
including solubility, water holding capacity (WHC), and emulsifying activity index (EAI).
A SPI-milk mixed yogurt was then produced, and its physicochemical and rheological
properties, as well as the volatile ﬂavor compounds characteristics, were evaluated.",pdf
10-1016_j-ijbiomac-2025-143552_methods1,10-1016_j-ijbiomac-2025-143552,methods,1,"MATERIALS AND REAGENTS:
Raw sunflower seeds with shells removed were procured from a market in Bayannur City, Inner Mongolia Autonomous Region, China. The sunflower seeds were subjected to cold pressing and defatting using a small-screw oil press (LTP218 Lagrange kitchenware, Shenzhen, China). The process was performed twice at 70 °C, resulting in a residual oil content of 8.76 % in the sunflower seed cake, which was subsequently crushed for use. Analytical grade reagents including n-hexane, isopropyl alcohol, butane, sodium hydroxide, and hydrochloric acid were used in this study and were purchased from Thermo Fisher Biochemical Products (Beijing) Co.

DEFATTING AND PROTEIN PREPARATION:
Sunflower seed cake was subjected to various protein extraction methods to produce sunflower seed meal protein (SPM), sunflower seed protein concentrate (SPC), and sunflower seed protein isolate (SPI). The sunflower seed cake obtained was first defatted using different solvents (n-hexane, isopropyl alcohol, and subcritical butane) at a ratio of 1:7 ( w / v ) and a temperature of 60 °C for 50 min per cycle. The subcritical butane extraction process involved placing the sunflower seed cake in a sealed subcritical extraction tank (CBE-20 L, Henan Subcritical Extraction Technology Research Institute Co., Ltd.), injecting butane, and extracting under reduced pressure. The resulting defatted sunflower seed meal protein (SPM) was then dried under a ventilator for 24 h and crushed through an 80-mesh sieve to obtain n-hexane extracted sunflower seed meal protein (SPM-h), isopropyl alcohol extracted sunflower seed meal protein (SPM-i) and subcritical butane extracted sunflower seed meal protein (SPM-b), respectively. The SPM was then stirred with 70 % ethanol at a ratio of 1:10 for 1.5 h at 50 °C and centrifuged (6000 rpm, 10 min). The precipitate was stirred with 95 % ethanol (1:10, w /w) for 1.5 h at 50 °C, centrifuged (6000 rpm, 10 min), and separated. The precipitate was then dried naturally to obtain sunflower seed protein concentrate (SPC), which was designated as SPC-h, SPC-i, and SPC-b, respectively. The SPC was then adjusted to a pH of 9.5 with 1 M NaOH (1:10, w /w), stirred for 2 h (300 rpm), centrifuged (4500 rpm, 15 min), adjusted to a pH of 4.3–4.5 with 1 M HCl, stirred for 30 min, centrifuged(4500 rpm, 15 min), precipitated to adjust the pH to 7, freeze-dried to obtain sunflower seed protein isolate (SPI), and designated as SPI-h, SPI-i and SPI-b respectively. The purity of each protein was: SPM-h 50.72 ± 0.48, SPM-i 52.55 ± 0.05, SPM-b 51.11 ± 0.08, SPC-h 61.82 ± 0.04, SPC-i 61.51 ± 0.03, SPC-b 61.63 ± 0.08, SPI-h 89.34 ± 0.02, SPI-i 89.69 ± 0.10, SPI-b 89.33 ± 0.06.

SUNFLOWER SEED PROTEIN YIELD AND COLOR:
Protein yield was determined using formula 1 . The L*, a*, and b* values of sunflower protein were determined using a colorimeter (CR-400, Hangzhou Caepu Technology Co., Ltd.). (1) Protein yield % = Weight of protein ∗ Weight of sunflower seed pressed cake × 100
Protein*: sunflower seed meal protein (SPM), sunflower seed protein concentrate (SPC) and sunflower seed protein isolate (SPI).

STRUCTURAL CHARACTERIZATION OF SUNFLOWER SEED PROTEIN:

SDS-PAGE:
The method described by Li et al. [ 21 ] was followed. Protein sample (4 mg/mL) was prepared by adding sample buffer, and the gels used for SDS-PAGE analysis were 5 % concentrated gel and 12 % separator gel. The operating conditions were electrophoresis at 30 V for 1.5 h and then transferred to 60 V for 2 h. Staining was performed using Thomas Brilliant Blue R250. The decolorizing solution was used with methanol-ice acetic acid solution and Mini-PROTEAN® system (Bio-Rad, Hercules, CA, USA) was used to scan the electrophoresis membranes and perform photographic analysis.

FTIR:
The KBr tablet method was employed for determination, with 64 scans performed (400–4000 cm −1 wave number, 2 cm −1 resolution) (TENSOR 27, Germany). Relative proportions of protein secondary structure in the amide I band (1700–1600 cm −1 ) were calculated using Fourier self-inverse convolution, second-order derivative analysis, and curve fitting [ 22 ].

ENDOGENOUS FLUORESCENCE SPECTRUM:
The endogenous fluorescence of the samples was measured using an F-2500 fluorescence spectrophotometer (Hitachi, Japan) by the method proposed by Liu [ 23 ]. After thorough mixing of a 10 mg/mL protein aqueous solution (pH 7.0), the supernatant (6000 ×g, 15 min) was obtained by centrifugation and diluted to 0.25 mg/mL. Protein content was measured with an excitation wavelength of 290 nm, a scanning speed of 300 nm/s, a range of 300–450 nm, and a slit width of 2.5 nm.

SURFACE HYDROPHOBICITY ANALYSIS (H 0 ) AND PROTEIN WETTABILITY:
Sunflower seed protein solution (1 %, w / v ) was configured using phosphate buffers, mixed thoroughly and centrifuged for supernatants (6000 × g , 25 °C, 20 min), and measured the protein content. The supernatant was diluted with phosphate buffer to 0.04–0.5 mg/mL. Then, 20 μL of 8 mmol ANS solution was added to 4 mL of sample solution and mixed well, protected from light for 10 min. The hydrophobicity of the samples was determined using a fluorescence spectrophotometer (Hitachi F-2500) with an excitation wavelength of 390 nm and an emission wavelength of 470 nm. Surface hydrophobicity (H 0 ) was determined as the initial slope of the fluorescence intensity (vertical axis) versus the protein concentration (horizontal axis) curve [ 24 ].

SEM:
The microstructure of the sunflower seed protein was determined by scanning electron microscopy (SEM) (SU8010, Hitachi, Japan). Sunflower seed proteins were evenly distributed on the conductive tape, and gold was sprayed for detection at an accelerated voltage of 10 kV [ 25 ].

COARSE EMULSION MICROSTRUCTURE:
We followed Hei et al.'s method [ 26 ] to determine the emulsification as per the method described in 2.5.3. A fresh emulsion was prepared and 20 μL of Nile red and Nile blue were added. The emulsion was then stained for 10 min in the dark. The dyed emulsion was placed on the carrier platform, and the microstructure of the emulsion was observed by laser confocal microscopy at excitation wavelengths of 488 nm and 633 nm.

PROPERTY ANALYSIS OF SUNFLOWER SEED PROTEIN:

THERMAL CHARACTERISTIC ANALYSIS:
According to a study conducted by Liu et al. [ 23 ], 3 mg of protein was weighed and placed in an aluminum container along with 10 μL of ultra-pure water. The container was then sealed and maintained overnight at 4 °C. The determination was performed using a differential scanning calorimeter (DSC) (TA Q20, New Castle, USA) with a scanning temperature ranging from 30 °C to 120 °C and a scanning rate of 10 °C/min. An empty aluminum container was used as a blank control.

RHEOLOGICAL PROPERTIES:
The linear viscoelastic region of the protein was measured at 1 Hz. The test was performed in the linear viscoelastic range, with an angular frequency range of 0.1–100 rad/s, and a plate diameter of 40 mm (HR-2, TA, New Castle, USA). The strain amplitude in the test was set as 1 %. The apparent viscosity of the protein samples was measured at 25 °C and 1.0–100 s −1 shear rate [ 27 ].

FUNCTIONAL PROPERTIES:
Solubility, foaming properties, emulsifying properties, water/oil holding capacity, were evaluated based on previously reported methods [ 21 ]. To put it simply, in the solubility test, sunflower seed protein solution with 1 % ( w / v ) concentration was prepared, the supernatant was stirred at room temperature for 2 h, and the supernatant (4500 rpm, 15 min) was centrifugated. NSI was detected by the BCA method and calculated by formula (2) . The solution of sunflower seed protein with 1 % (w/v) concentration was prepared and cut for 2 min (12,000 rpm) with a high-speed shear machine, and the initial liquid height was properly recorded. The foam height was measured once every 15 min and calculated according to formula (3) . For emulsification, 15 mL protein solution was mixed with 5 mL soybean oil and cut at 12,000 rpm for 2 min. The absorbance was measured at 500 nm wavelength by ultraviolet spectrophotometer at 0 and 10 min respectively, and the emulsification and emulsification stability were calculated. Weigh 0.2 g of protein in 5 mL water (oil), stir for 5 min, centrifuge to discard the supernatant (9000 rpm, 15 min), and weigh to calculate its water and oil holding capacity. The water (oil) holding capacity of the protein was determined as the amount of water (oil) bound per 100 g of sunflower protein. (2) NSI % = Protein concentration in supernatant Total protein concentration × 100 (3) FC % = V 1 − V 0 V 0 (4) FS % = V 2 − V 0 V 0 (5) EAI = 2 × T A 0 × N φ × L × C × 10000 (6) ESI = A 0 × ∆ T A 0 − A 10
V 0 : Volume of solution before shearing, V 1 : Foam volume just after shearing, V 2 : Foam volume after 15 min of shearing, T = 2.303, N: the emulsion dilution factor, φ: the oil volume fraction of the emulsion, C: sample concentration, mg/mL, L set to 0.01 (optical path), ΔT = 10 min.

STATISTICAL ANALYSIS:
All data were analyzed and visualized using Origin2022. Variance analysis (ANOVA) was conducted with SPSS 16.0 (SPSS Inc., Chicago, USA), and mean differences were determined through Duncan's multiple range test at a 95 % confidence level.",elsevier_txt
10-1021_acsomega-2c06912_intro1,10-1021_acsomega-2c06912,intro,1,"Kabuli chickpeas. Aydemir & Yemenicioglu16 characterized the
functional properties of Turkish Kabuli-type chickpea proteins
and compared them with soy and animal proteins. In a recent
study, Tontul et al.19 investigated the effect of the drying
method on surface hydrophobicity and functional properties of
chickpea protein isolates. Moreover, Wang et al.21 and Xu et
al.22 applied ultrasound treatment for the improvement of
emulsifying and gelling properties of chickpea protein isolates.
In another recent study, Mesfin and co-workers23 investigated
the effects of germination, roasting, and variety on the
physicochemical, functional, and antioxidant properties of
isolates obtained from Arerti (Kabuli type) and Natoli (Desi
type) chickpea varieties from Ethiopia, whereas Zhang and co-
workers24 investigated the functional and nutritional properties
of isolates from Kabuli type of chickpea from China.

Following the catastrophic effects of the global COVID-19
pandemic, consumers have become more attentive to healthier
diet choices, while food manufacturers are seeking more
sustainable food ingredient sources such as plant-based
proteins.1−3 Most of the world’s protein is supplied from
cereals, legumes, and oilseeds. As these plant protein sources
are less costly than others, their use in the food industry is
increasing. Moreover, selecting appropriate protein extraction
methods is essential because this affects the composition and
nutritional and functional properties of the final product.4−6

The functional properties of proteins such as solubility,
viscosity, water, fat holding, foaming, emulsion, and gelling
properties affect the textural and organoleptic properties of
food products.4,7 The cultivation of chickpeas (Cicer arietinum
L.) in Turkey dates back to 7000 years ago.8 Chickpea protein
isolates can be recovered using several techniques including
isoelectric precipitation, ultrafiltration, and ultrasounds to
separate macro- and micromolecules.9,10 Other techniques
such as salt extraction and wet-milling techniques have also
been used to investigate the structural and functional
properties of these isolates.4,11−20 Boye and co-workers4
investigated the physicochemical and functional properties of
proteins extracted from several pulses, including Desi and

Providing information on protein composition and function-
ality has an essential role in the evaluation of the potential of
local landraces to be used as plant-based protein sources. It has
been indicated that protein isolates obtained from different
cultivars can show significant differences in composition and
characteristics.4,13,15 There are several reports on the character-
ization of structural, physicochemical, and functional proper-
ties of proteins obtained from various chickpea cultivars.
Chickpea is an important agricultural commodity for Turkey.
However, to the best of our knowledge, proteins extracted
from the Hisar, Erzincan, black chickpea, Azkan, and Yasa,
which are local chickpea landraces of Anatolia, have not been
characterized. The current study thus aimed to determine the
amino-acid profile, secondary structure, net surface charge, and
thermal and functional properties of isoelectrically precipitated
proteins from local Turkish chickpea landraces. The secondary
objective of the study was to evaluate if a relationship exists
between the amino-acid composition and the physicochemical
or functional properties of the isolates. The novelty of the
present study lies in revealing the relationship between the
amino-acid composition and physicochemical and functional
properties of proteins isolated from different chickpea cultivars,
which can provide valuable information for valorization of
specific agricultural commodities.

proximate composition of chickpea flours and protein
isolates.26 A nitrogen conversion factor of 6.25 was used to
calculate the protein content.

2.4. Amino-Acid Composition. Shimadzu high-perform-
ance liquid chromatography (HPLC) system (Shimadzu
Scientific Instruments Inc., Columbia, Maryland 21046) with
an auto-sampler (SIL 20ACHT) was used to determine the
amino-acid composition of chickpea protein isolates according
to the method described in Gundogan & Can Karaca.27

2.5. Physicochemical Properties. Net surface charge (ζ-
potential) measurement of chickpea protein isolates as a
function of pH was performed according to the method of Can
Karaca et al.14 In brief, a solution containing 0.5 g/L protein
was prepared, and pH was adjusted using 1.0 mol/L NaOH or
1.0 mol/L HCl. ζ-potential values were determined using a
Zetasizer device (Nano-ZS, Malvern Instruments, Malvern,
U.K.) based on electrophoretic mobility solutions.

Thermal properties were determined by the method of
Ghribi et al.17 using a differential scanning calorimetry (DSC)
instrument (Model Q10, TA Instruments Inc., New Castle).
Differential scanning calorimetry (DSC) curves were recorded
with a scanning rate of 5 °C/min during heating from 0 to 200
°C. Onset temperature (To), denaturation temperature (Td),
and denaturation enthalpy (ΔH) were calculated using
Universal Analysis 2000 Version 4.5A (TA Instruments Inc.,
New Castle). Fourier Transform Infrared (FTIR) spectroscopy
was performed using the method of He et al.28 The isolate
powder was placed in an FTIR spectrophotometer diffuse
reflectance device (FTIR Tensor II, Bruker Optics Inc.,
Billerica), and the measurements were performed at 400−
4000 cm−1 wavelength range and 4 cm−1 resolution. The
secondary structure percentage (α-helices, β-layers, etc.) was
determined using the relative integral area of each convenient
curve of the amide I region. The spectra’s band assignment was
designated based on a previous report.15",pdf
10-1016_j-ultsonch-2023-106292_conclusion1,10-1016_j-ultsonch-2023-106292,conclusion,1,"In this paper, a JRBP-CC complex was prepared after ultrasound treatment of JRBP. The results showed that, compared with IRBP, the secondary structure of JRBP was very different, and it had a higher WHC content and better emulsification performance. After ultrasound processing, the secondary structure of the protein was gradually unfolded, and the particle size of JRBP-CC was small and well dispersed in the CLSM image. When the ultrasound power was 200 W, the λ max of the JRBP-CC showed a redshift, the particle size was the smallest, the absolute value of the zeta potential was the largest, the hydrophobicity was the strongest, and the emulsification and oxidation resistance were the best. This discovery seeks to promote the application of JRBP-CC in the food industry to provide economic and social benefits.

CREDIT AUTHORSHIP CONTRIBUTION STATEMENT:
Yanfei Guo: Methodology, Investigation, Writing – original draft. Minghao Wang: Investigation, Validation, Data curation. Kaiwen Xing: Formal analysis. Mingzhe Pan: Supervision, Funding acquisition. Liqi Wang: Conceptualization, Writing – review & editing, Methodology, Supervision.

TABLES:

TABLE Table 1
Caption: The samples of different ultrasonic treatment conditions.
 | Native | A | B | C | D | E
-----------------------------
Sample | 0 W JRBP | 0 W JRBP-CC | 100 W JRBP-CC | 200 W JRBP-CC | 300 W JRBP-CC | 400 W JRBP-CC

TABLE Table 2
Caption: Effect of ultrasonic power on the sulfhydryl content of JRBP and JRBP-CC under different ultrasonic conditions.
Sample | Sulfhydryl group (×10 −5 mol/g protein)
------------------------------------------------
Native | 10.0813 ± 0.38 a
A | 1.5269 ± 0.41 b
B | 1.1026 ± 0.22 bc
C | 0.7456 ± 0.11 c
D | 0.7658 ± 0.26 c
E | 0.7747 ± 0.14 c

TABLE Table 3
Caption: Antioxidant activity of JRBP and JRBP-CC under different ultrasonic conditions.
Sample | (a) DPPH radical scavenging activity (%) | (b) ABTS + radical scavenging activity (%)
----------------------------------------------------------------------------------------------
Catechin | 86.76 ± 3.01 a | 90.31 ± 2.71 a
Native | 9.60 ± 2.56 f | 16.38 ± 2.05 g
A | 63.45 ± 2.71 c | 71.78 ± 2.38 b
B | 69.84 ± 1.54 b | 76.49 ± 1.65 c
C | 71.96 ± 1.71 b | 80.07 ± 1.87 d
D | 58.83 ± 1.32 d | 74.83 ± 2.01 e
E | 52.57 ± 1.48 e | 68.38 ± 1.86 f

[10 FIGURES AVAILABLE -- downloaded separately to FIG_files/]",elsevier_txt
10-1007_s11694-023-01889-6_results_discussion1,10-1007_s11694-023-01889-6,results_discussion,1,"A similar trend was reported by Asokapandian et al. 
[34] who found that foam density of Muskmelon pulp 
decreased with increasing the concentration of SPI and 
whipping time reaching a certain extent and started to 
increase afterwards, while FE exhibited the contradicted 
behavior. Similarly, Khamjae and Rojanakorn [15] and 
Karim and Wai [35] observed a gradual increase in FD 
of passion fruit aril and star fruit, respectively, after 
maximum decrease with increasing the concentration of 
methylcellulose.

Foam characteristics

Foam density and foam expansion are used to describe the 
protein foamability and whipping properties; the higher the 
foamability of protein, the lower the foam density and the 
higher the foam expansion. The good foamability and whip-
ping properties of a protein are related to the incorpora-
tion of a considerable amount of air into the foam structure 
during the whipping process [32]. Table 2 shows the foam 
characteristics such as foam density (FD), foam expansion 
(FE), and foam stability (FS). Foam stability is depending 
on the rate at which the liquid drains from the foam structure 
[33]; the lower the volume of drained liquid, the higher the 
foam stability.

The low FD and VDL and the high FE may be due 
to (1) incorporation of a high amount of air bubbles that 
are entrapped into the foam structure enlarging the foam 
volume [36], and (2) reduction of surface and interfacial 
tension of the aqueous system forming a stable viscoelastic 
film which can resist the thermal and mechanical stresses 
[15]. In contrast, the high FD and VDL and low FE could 
be explained by (1) instability of air bubbles particularly 
at low concentrations of SPI because the critical thick-
ness required for the interfacial film could not be formed 
[37], (2) weakening the air bubbles owing to the mechani-
cal stresses resulting from an excessive whipping leading 
to the collapse of foam structure [38], and (3) increasing 
the mixture viscosity exceeding the limited viscosity as 
a result of adding high concentrations of SPI, which in 
turn impede the incorporation of more air bubbles into the 
foam structure [15]. Moreover, a combination of a high 
concentration of SPI and a long whipping time increased 
the VDL. This could be explained by the formation of a

The density of strawberry foam (FD) varied from 
435.34 to 549.21 kg ­m−3 (Table 2), which was in the range 
of reported results; a foam density of 300–600 kg ­m−3 was 
reported as an appropriate FD for the foam mat drying 
process [16]. The expansion of strawberry foam (FE) was 
found to be in the range of 33.92–51.29%. While the vol-
ume of drained liquid varied from 0.75 to 1.1 mL. Figure 2 
shows the effect of SPI concentration and whipping time 
on foam characteristics (FD, FE, and VDL). As a general 
trend, FD and VDL gradually decreased with increasing 
the SPI concentration and the whipping time reaching a 
certain extent and started to re-increase afterward while,

large number of small bubbles resulting in unstable foam 
which collapses quickly [9].

compared to conventional HAD powder. The TFC of hot air 
FMD powder ranged from 230.58 to 288.85 mg QE/100 g 
db against 196.81 mg QE/100 g db for conventional HAD 
powder (Table 3). Figure 3 shows the effect of SPI con-
centration and whipping time on TPC and TFC of hot air 
FMD strawberry powder. It was observed that the TPC and 
TFC increased with an increase in the concentration of SPI 
and decreased with increasing the whipping time. The lower 
contents of TPC and TFC of conventional HAD strawberry 
powder may be related to the thermal degradation of these 
compounds as a result of long time drying [21, 42]. Moreo-
ver, the enzymatic process by polyphenol oxidase altering 
the structure of polyphenols is another supporting explana-
tion [43]. While, the increase in the TPC and TFC of hot 
air FMD strawberry powder may be due to (1) retention of 
the original polyphenols owing to the short drying time as a 
result of the increased specific surface (exchange surface), 
accelerating the water removal, (2) release of the matrix-
bound polyphenols owing to breaking down the cell walls 
during the whipping process causing the free phenolic com-
pounds to increase [38, 44], and (3) the inherent content of 
SPI from phenols and flavonoids contributing to an increase 
in TPC and TFC. Therefore, the increase in TPC and TFC

Total phenolic and flavonoid content

Conventional hot drying techniques may cause adverse 
effects on phenolics and flavonoids as a result of applied 
high temperatures, resulting in thermal degradation of 
heat-sensitive components [39] while, drying processes at 
low temperatures, such as freeze-drying, can retain these 
antioxidants [40, 41]. Therefore, there is a great need to 
develop alternative drying processes in order to maintain 
the antioxidants and improve the quality of dried fruits 
and vegetables. In this study, the effect of hot air foam-mat 
drying as an alternative technique to conventional hot air 
drying on antioxidants was investigated. The total phe-
nolic content (TPC) of hot air FMD strawberry powder 
increased by about 26% compared to conventional HAD 
powder. The TPC of hot air FMD powder was found to 
be in the range of 438.20–533.45 mg GAE/100 db against 
423.01 mg GAE/100 g db for conventional HAD powder 
(Table 3). Similarly, the total flavonoid content (TFC) of 
hot air FMD strawberry powder increased by about 47%

of FMD powders is a net result of a combined increase in 
their extractability (the original phenolics and the bound 
phenolics released) and the inherent content of SPI from 
these compounds. In contrast, the decrease in the TPC and 
TFC due to long whipping time may be due to the thermal 
degradation of these compounds caused by heat generated 
during the whipping process (an experimental observation). 
The obtained results are in concurrence with Chandrasekar 
et al. [45] who found that the TPC of foam mat dried veg-
etable powder increased with increasing the concentration of 
egg albumin as a foaming agent. Likewise, Chaux-Gutiérrez 
et al. [6] reported similar results. In contrast, Vasudevan 
et al. [46] found a decrease in the TPC of hot air FMD sour-
sop powder with an increase in the concentration of Arabic 
gum and fish gelatin as foaming agents. On the other hand, 
Kadam et al. [47] reported an insignificant effect of the con-
centration of foaming agent on phenolic content of hot air 
FMD pineapple powder.

the effect of foaming parameters on the AOA of hot air FMD 
strawberry powder; the AOA was significantly affected by 
SPI concentration and whipping time. The higher the SPI 
concentration, the higher the AOA, while the longer the 
whipping time, the lower the AOA. The increase in the AOA 
of hot air FMD strawberry powder is related to the presence 
of phenolic compounds and flavonoids with high levels as 
mentioned above.

A similar trend was observed by Farid et al. [48] who 
reported that an increase in the AOA of hot air FMD tomato 
with an increase in SPI concentration, from 1 to 5%, while 
it decreased with increasing the whipping time from 2 to 
14 min. The obtained results are in concurrence with Hos-
sain et al. [8] who found that the AOA of hot air FMD 
tomato powder increased by increasing the concentration of 
egg white from 3 to 7%. Similar results were reported Lobo 
et al. [49] who found that the hot air FMD Tommy Atkins 
mango prepared with soy lecithin and carboxy methylcel-
lulose had higher AOA than those of non-foamed powder 
(conventional hot air dried sample).

Antioxidant activity

The retention of phytochemicals and their antioxidant activ-
ity may be affected by several factors such as the chemical 
composition of food being foamed, temperature applied dur-
ing the drying process, foaming parameters (the type and 
the concentration of foaming agent and whipping time), and 
foam layer thickness. Brar et al. [21] showed that the antioxi-
dant activity of foamed peach powder depends on the type 
of foaming agent and the drying temperature.

Water and oil holding capacity

The water holding capacity (WHC) or oil holding capac-
ity are the ability of a powder to bind and hold water or 
oil against gravity or mechanical forces such as centrifugal 
force. Table 3 shows the WHC and OHC of conventional 
HAD and hot air FMD strawberry powders. Hot air FMD 
powder had higher WHC and OHC than those of conven-
tional HAD powder by about 21% and 48%, respectively.f

Table 3 shows the antioxidant activity (AOA) of straw-
berry powder. An increase of ~ 166% was observed in the 
AOA of hot air FMD strawberry powder compared to con-
ventional HAD powder. The AOA of hot air FMD straw-
berry powder varied from 22.97 to 48.90% against 18.35% 
for conventional HAD strawberry powder. Figure 3 shows

Figure 4 shows the effect of foaming parameters on WHC 
and OHC of hot air FMD strawberry powder. The concen-
tration of SPI had a significant effect on WHC and OHC 
compared to whipping time which had a significant effect 
only on OHC. A gradual increase in WHC and OHC was

strawberry powder prepared with different concentration of SPI, pre-
pared from 32% solution of soy protein isolate, during different times 
of whipping

observed with increasing the concentration of SPI reaching 
a certain extent and started to decrease afterward.

could explain some phenomena taking place during foam 
preparation: (1) a direct relationship was found between FD 
and FE owing to volume increases as a result of the incor-
poration of more air bubbles which are subsequently trapped 
into the foam structure, (2) low density foam showed less 
drainage owing to the unfolding of SPI at the interphase 
forming a stable viscoelastic film. However, an extensive 
whipping may induce some mechanical stresses leading to 
thinning of this film and rupture of bubble walls which in 
turn increase the FD and VDL, (3) adding SPI at high con-
centrations increased the mixture viscosity impeding the 
incorporation of more air bubbles into the foam structure, 
which in turn increased both FD and VDL, and decreased 
the FE, (4) adding of SPI with high concentrations increased 
each TPC, TFC, and AOA. This could be explained by the 
fact that soy protein isolate contains high levels of polyphe-
nols providing high antioxidant properties. But, a long time 
of whipping generated heat resulting in the thermal damage 
of these compounds decreasing the antioxidant properties, 
(5) direct relationship was observed between SPI concen-
tration and each OHC and WHC. This may be due to the 
unfolded proteins increasing the surface hydrophobicity and 
to the amphiphilic properties of soy protein isolate, and (6) a 
positive correlation was found between FD and OHC. This 
could be explained by the large specific surface area and the 
low density of hot air FMD powder that allows the powder 
to hold more oil.

The lower WHC and OHC of conventional hot air straw-
berry powder may be related to the texture compactness and 
the high density of powder which impede the absorption 
of water or oil during a specific time. While, the increase 
in the WHC and OHC of hot air FMD strawberry powder 
may be due to (1) the open structure which allows the rapid 
absorption of water or oil during a specific time, (2) the 
amphiphilic behavior of SPI allowing it to simultaneously 
react with water and oil as an emulsifier, (3) the high surface 
hydrophobicity which contributes to increasing the OHC, 
and (4) lower density powder (hot air FMD strawberry pow-
der), which allows the powder to hold more of oil than the 
higher density powder (HAD strawberry powder) [50].

The obtained results are in disagreement with that 
reported Ojo et al. [22] who found that the concentration 
of foaming agent had no effect on the WHC of pineapple 
and cashew apple powders and the conventional hot air had 
higher WHC than those of hot air FMD powders. Similarly, 
Orishagbemi et al. [51] reported that the concentration of 
glycerol monostearate as a foaming agent at a higher level 
than 4% had an insignificant effect on the WHC of hot air 
FMD banana powder.

Correlation matrix

A correlation matrix was performed to define the relation-
ship between the foaming parameters and the response 
variables and each to other. Table 4 shows the correlations 
between foaming parameters; SPI concentration (C) and 
whipping time (t), and the responses studied. These corre-
lations showed the predominant effect of the concentration 
of SPI on these responses. In addition, these correlations

Optimization of foaming conditions

The optimization of foaming conditions was based on the 
lowest value of FD and VDL, and on the highest level of 
FE, TPC, TFC, AOA, WHC, and OHC. Table 5 shows the",pdf
10-1016_j-lwt-2014-08-038_results_discussion1,10-1016_j-lwt-2014-08-038,results_discussion,1,"PROXIMATE COMPOSITION:
The proximate composition of the seed flours (dwb) is summarized in Table 1 . Tree nut and oilseeds contained low moisture (range – 1.53 ± 0.20 g/100 g for macadamia to 8.39 ± 0.07 g/100 g for soybeans) and high lipid (range – 21.88 ± 0.10 g/100 g for soybean to 67.63 ± 0.40 g/100 g for macadamia). Ash content of the tested seeds was in a narrow range (1.08 ± 0.21 g/100 g for pistachio to 3.48 ± 0.23 g/100 g for sesame). Dry beans and cereals were rich in carbohydrates (>70 g/100 g). Rice contained the highest (89.78 ± 0.71 g/100 g) and walnut the lowest (12.89 ± 0.00 g/100 g) amount of carbohydrates in the tested seeds. Among the tested seeds, peanuts (25.41 ± 0.18 g/100 g) and soybeans (31.48 ± 0.76 g/100 g) had the highest protein content. These data are consistent with the reported chemical composition of the selected seeds ( Davis, Cain, Peters, Le Tourneau, & McGinnis, 1981; Deshpande et al., 1984; Doughty & Walker, 1982; Hayat, Ahmad, Masud, Ahmed, & Bashir, 2014; Namiki, 1995; Ravindran, 1991; USDA, 2014; Venkatachalam & Sathe, 2006 ).

COLOR:
Rice flour had the lightest color followed by chickpea, sesame, pearl millet, and wheat as indicated by their respective ( L *) value ( Table 2 ). Defatting typically improved the L * value as lipid soluble pigments (e.g. carotenoids, xanthophylls, and chlorophylls) could be removed with the seed flour lipid removal. Among tree nuts, almond, Brazil nut, hazel nut, pecan and walnut exhibited redness (positive a * values). Similarly peanut, chickpeas, wheat, pearl millet and soybeans registered measurable redness. The yellowness of pistachio flour was the highest ( b * = 41.96 ± 0.26) and that of the black gram flour was the lowest ( b * = 10.00 ± 0.15). In all tested flours redness was lower than yellowness. Defatting helped reduce the redness and yellowness in all flours. Bookwalter, Kwolek, Black, and Griffin (1971) have reported similar effects of defatting on soybean flour color.

BULK DENSITY:
Bulk density ( Fig. 1 ) varied over a wide range (0.179 g/cm 3 for defatted pecan flour to 0.930 g/cm 3 for full fat black gram flour) and is in agreement with reported bulk density for a variety of seed flours that include: yellow (32 g/100 g lipid) and brown (35 g/100 g lipid) tigernut flours-respective bulk density of 0.62 g/cm 3 and 0.55 g/cm 3 ( Oladele & Aina, 2007 ); soybean flour (bulk density 0.5598 g/cm 3 ) ( Padilla, Alvarez, & Alfaro, 1996 ); adzuki bean (0.62 g/cm 3 ), rice bean (0.59 g/cm 3 ) and Indian bean (0.64 g/cm 3 ) flours ( Chau & Cheung, 1998 ); 0.536–0.562 g/cm 3 for Desi chickpeas and 0.571 g/cm 3 for Kabuli chickpea ( Kaur & Singh, 2005 ). The observed decreased bulk density in the current investigation upon defatting would be useful when light flours with more volume are desired. In case of flours with low lipid content (black gram, chickpea, rice, wheat, and pearl millets) decrease in bulk density as a result of defatting was minimal and therefore using the defatted form of these flours may not offer significant advantage in terms of product volume. Bulk density of several millet flours has been reported to be partly dependent on the grain moisture content ( Subramanian & Viswanathan, 2007 ). Egbekun and Ehieze (1997) suggested that using the defatted sesame flour, due to its low bulk density, would be an advantage in infant food formulations. In the current investigation, with the exception of Brazil nut, bulk density was higher for flours with higher moisture content. Upon defatting, we observed the bulk density of cashew nut flour to decrease from 0.536 g/cm 3 to 0.412 g/cm 3 . Our results for cashew nut flour bulk density are in agreement with a cashew nut flour bulk density decrease (from 0.34–0.47 g/cm 3 to 0.27–0.40 g/cm 3 ) reported by Fagbemi (2008) . A decrease in bulk density from 0.51 to 0.40 and 0.57 to 0.37 g/cm 3 , respectively for dehulled orange seed ( Akpata & Akubor, 1999 ) and pumpkin seed ( Rodríguez-Miranda et al., 2012 ) flours has also been reported.
Particle size and packing density are two major contributing factors in determining the bulk density of seed flours. In the presence of lipids, particles may pack closer as the triglycerides may act as adhesives in agglomeration of carbohydrate and protein molecules (either alone or together) permitting higher bulk density. During seed grinding, presence of lipids may interfere in particle size reduction as lipids can act as lubricants as well as help hold water molecules possibly by polar interactions between the ester bonds of triglycerides and polar water molecules. A combined effect of the two may partly explain why full fat flours tend to exhibit higher bulk density than their corresponding defatted counterparts. Particle adhesion during grinding oilseeds (e.g. peanut, soybean, sesame and tree nuts) poses difficulty in obtaining uniform particle sized full fat flours and warrants further investigations.",elsevier_txt
10-1016_j-foodchem-2019-01-083_methods1,10-1016_j-foodchem-2019-01-083,methods,1,"MATERIALS:
Chinese quince ( Chaenomeles speciose ; family Rosaceae) seeds were purchased from a local market, and the seeds were produced in Sichuan, China. The protein molecular weight standards were purchased from Thermo Fishier Scientific, USA; all other reagents and chemicals were of analytical grade.

PREPARATION OF CHINESE QUINCE SEED PROTEIN ISOLATE:
The method used to extract and purify Chinese quince seed protein isolate (CPI) referred to a previous report ( Timilsena, Adhikari, Barrow, & Adhikari, 2016 ) with some modifications. After husking, Chinese quince seeds were ground into flour. Next, the flour was defatted using a Soxhlet unit. The flour was mixed with petroleum ether in a 1:10 ratio (w/v) and was continuously extracted for 12 h at 45 °C. The defatted flour was air-dried until the solvent was totally evaporated.
The defatted Chinese quince seed flour was dispersed in water using a solid-liquid ratio of 1:10 (w/v), and the pH of this slurry was adjusted to 10 to extract the protein using 1 M NaOH. To facilitate solubilizing, the slurry was stirred using a mechanical stirrer at room temperature for 2 h. The slurry was centrifuged at 10,000 g for 20 min, and the supernatant containing protein was collected. To obtain a high yield, this procedure was repeated on the residue to obtain additional protein. The combined supernatant was acidified to a pH of 4.2 (isoelectric point) by adding 1 M HCl to precipitate the dissolved protein. The precipitated protein was recovered by high speed centrifugation and washed with distilled water three times (3 × 40 ml). The recovered protein was resuspended in distilled water and neutralized to a pH of 7 by adding 1 M NaOH. The protein suspension was dried by freeze-drying. Freeze-drying was performed in a laboratory freeze drier (Wizard 2.0, Virtis, USA). The protein suspension was first frozen at −30 °C for 6 h and dried at −10 °C for 72 h, and finally, the sample was dried at 25 °C for 4 h. The freeze-dried Chinese quince seed protein isolate was collected, pulverized to pass through a 180 μm sieve and stored at 4 °C.

PHYSICOCHEMICAL PROPERTIES:

DETERMINATION OF CHEMICAL COMPONENTS OF CHINESE QUINCE SEED AND CPI:
The protein content of Chinese quince seed before and after defatting was measured by Combustion Nitrogen Analysis (N × 6.25). The moisture, ash, and fat contents of CPI were determined using the Association of Official Analytical Chemists procedures 925.1, 923.03 and 920.85, respectively ( AOAC, 2000 ). The protein content was measured via Combustion Nitrogen Analysis (N × 6.25).

AMINO ACID COMPOSITION:
The amino acid composition of CPI was determined according to a previous report from Rezig et al. (2013) , with slight modifications. First, 20 mg CPI samples were accurately weighed and placed in dry tubes, and then, 4 ml of 6 M HCl was added to each tube. Next, the tested tubes were air-exhausted and the CPI samples were hydrolyzed at 110 °C for 24 h.
Direct hydrochloric acid hydrolysis would result in an underestimation of cystine content due to its instability ( Spindler, Stadler, & Tanner, 1984 ). For determination of cystine in CPI, cystine needs to be stabilized by oxidation before acid hydrolysis. Briefly, 20 mg CPI samples were mixed with 2 ml of performic acid (containing formic acid/30% hydrogen peroxide (19:1, v/v)), and the mixture was put in an ice bath to react for 16 h. After that, 0.3 ml of 48% HBr was added to terminate the reaction. The resulting oxidized CPI samples were vacuum-dried and then transferred to HCl hydrolysis.
After the acid hydrolysis, samples were cooled and transfer into a 50 ml volumetric flask using distilled water. 2 ml of solution was taken and vacuum-dried, and the residues were redissolved using 2 ml of distilled water and vacuum-dried, and this procedure was repeated 3 times. Finally, the dried samples were dissolved in 2 ml citrate buffer (pH 2.2, 0.55 M trisodium citrate). After centrifugation, the supernatant was analyzed by an automatic amino-acid analyzer L-8800 (Hitachi, Tokyo, Japan) for determination of amino acid composition. External standard method was used to quantify by using standard amino acid solutions.
Tryptophan can be destroyed by acid hydrolysis. Therefore, the determination of tryptophan for CPI was conducted separately using sodium hydroxide to hydrolyze the CPI samples. The hydrolysis procedure and analysis method were performed according to previous report from Spies (1967) . The amino acid contents were expressed as g amino acid/100 g protein.

MEASUREMENT OF ZETA POTENTIAL:
The zeta potential of CPI was measured based on the method of Kaushik et al. (2016) . The CPI aqueous solutions (0.5%, w/v) were prepared by dispersing the protein samples in 0.1 M tris buffer (pH = 8.6). The solutions were filtrated through Whatman No. 1 filter paper, and the filtrated solutions were diluted 100 times with distilled water. The pH of these diluted solutions was adjusted in the range of 2–10 with 0.1 M HCl or 0.1 M NaOH. The zeta potential was determined using a Zeta Size Nano ZS instrument (Malvern Instrument Ltd., UK).

SODIUM DODECYL SULFATE-POLYACRYLAMIDE GEL ELECTROPHORESIS (SDS-PAGE):
Non-reducing and reducing SDS-PAGE were performed in a discontinuous buffer system with a 12.5% separating gel and 5% stacking gel based on the report of Laemmli (1970) with a few modifications. The CPI samples for reducing were solubilized in 0.05 M Tris-HCl buffer containing 1% SDS, 0.01% bromophenol blue, 10% glycerol, and 1% 2-mercaptoethanol or without 2-mercaptoethanol for non-reducing condition. The samples were boiled at 100 °C for 5 min. After cooling to ambient temperature, 10 μl of samples were applied to each lane. The electrophoresis was performed using a constant current of 15 mA in the stacking gel and 25 mA in the separating gel in Mini Protean Tera (Bio-Rad, USA). The gel was stained in 0.1% Coomassie brilliant blue (R-250) in an acetic acid/ethanol/water solution and destained in decolorizing agent (acetic acid/methanol/water, 10:20:70). The image was subsequently captured by using Gel imaging system Doc XR+ (Bio-Rad, USA), and the white light tranilluminator was used to obtain clear image.

THERMAL PROPERTIES:
The thermal properties of CPI were analyzed according to the method of Shevkani et al. (2015) , with some modifications. Briefly, CPI samples were dispersed in distilled water at a concentration of 15% (w/w) and stored at 4 °C overnight until analysis. The dispersions were accurately weighed and hermetically sealed in an aluminum pan. The sealed pan was scanned by a differential scanning calorimeter (DSC 8500, PerkinElmer, USA) from 30 to 140 °C at a heating rate of 5 °C/min. An empty pan was used as a reference.

DETERMINATION OF SURFACE HYDROPHOBICITY (S 0 ):
The surface hydrophobicity was analyzed according to the method of Kato and Nakai (1980) using sodium 8-anilino-1-naphthalenesulfonate (ANS) as the hydrophobic fluorescent probe. First, the CPI sample was dispersed in 0.01 M phosphate buffer (pH 7.0) with stirring for 30 min and then centrifuged. The concentration of protein in the supernatant was measured using the Bradford method, and the protein solution was serially diluted with concentrations ranging from 50 to 250 μg/ml. Next, 4 ml protein solutions at each concentration were taken, and 50 μl of 8 mM ANS solution (prepared in 0.01 M phosphate buffer, pH 7.0) was added to the diluted solutions; The fluorescence intensity (FI) of the samples was determined at 385 nm (excitation) and 480 nm (emission) via an LS 55 fluorescence spectrophotometer (PerkinElmer, USA) with an emission slit of 5 nm. The FI of the ANS solution and each diluted sample solution without probe were also determined as controls, as was the initial slope of the FI value versus protein concentration plot, as a calculated linear regression.

FREE SULFHYDRYL GROUP (SH) AND DISULFIDE BOND (SS) CONTENTS MEASUREMENTS:
The sulfhydryl groups and disulfide bonds were determined according to the report described from Beveridge, Toma, and Nakai (1974) with few modifications. To determine the SH, 30 mg CPI samples were weighed and dissolved in 10 ml Tris-Gly buffer (0.086 M Tris, 0.09 Gly and 4 mM EDTA, pH = 8, denoted as Tris-Gly) containing 8 M urea. After that, 50 μl of Ellman’s reagent (5,5′-dithio-bis-2-nitrobenzoic acid in Tris-Gly buffer, 4 mg/ml) was added. The mixed dispersions were allowed to incubate in the dark at 25 °C for 60 min and then centrifuged at 8000 g for 5 min. The supernatants were collected and their absorbances at 412 nm were determined. Meanwhile the Tris-Gly buffer containing Ellman’s reagent was used as a blank. The contents of total SH were determined as follows: 15 mg CPI samples were dispersed in 10 ml Tris-Gly buffer containing 8 M urea, and 100 μl of 2-mercaptoethanol was subsequently added. These dispersions were then incubated at 25 °C for 60 min. After incubation, 10 ml of 12% trichloroacetic acid was added to the dispersion to precipitate the protein and centrifuged at 8000 g for 10 min. The precipitates were washed with 10 ml of 12% trichloroacetic acid three times and centrifuged to remove 2-mercaptoethanol. The precipitated proteins were redissolved in 10 ml Tris-Gly, and 50 μl Ellman’s reagent was added for colour development. The absorbance at 412 nm was determined. The content of SH was calculated as Eq. (1) , (1) SH μ M/g = 73.53 × A 412 × D C where 73.53 was a coefficient derived from 10 6 /(1.36 × 10 4 ); 1.36 × 10 4 was the molar absorptivity and 10 6 was for conversions from the molar basis to the μmol/ml basis and from mg protein to g protein; A 412 was the absorbance at 412 nm; D was the dilution factor; C was the protein concentration (mg/ml). The SS content = (Total SH value − Free SH value)/2.

FUNCTIONAL PROPERTIES:

PROTEIN SOLUBILITY:
The determination of the protein solubility referred to the method of Aluko and Yada (1997) . 1% (w/v) protein dispersions were prepared in distilled water, and the pH were adjusted to specific values in the range of 2–10 with 0.1 M HCl or 0.1 M NaOH. These protein dispersions were allowed to be agitated using a magnetic stirrer for 2 h at ambient temperature, and were centrifuged at 8000 g for 10 min. The protein contents of the supernatants were analyzed according to the Biuret method and bovine serum albumin was used as a standard. To determine the effect of ionic strength on the protein solubility, CPI dispersions were prepared in NaCl solutions at different concentrations (0–2 M). After stirring for 1 h, CPI dispersions were centrifuged at 8000 g for 10 min, and the protein content in the supernatant was determined using the Biuret method and bovine serum albumin was used as a standard. The total protein contents of the sample were determined using the Combustion Nitrogen Analysis. The protein solubility was calculated according to Eq. (2) . (2) Protein solubility = protein in the supernatant total protein × 100",elsevier_txt
10-1016_j-foodchem-2006-08-012_conclusion1,10-1016_j-foodchem-2006-08-012,conclusion,1,"The ability of peanut flours and peanut protein concentrate to be functional is primarily due to their soluble protein contents. Proteins with high oil and water binding are desirable for use in meats, sausages, breads, and cakes while proteins with high emulsifying capacity are good for sausages, bologna, soups and salad dressing. Fermented peanut flour and the derived protein concentrate showed better functional properties, particularly, water holding and emulsifying capacity, than the unfermented flour and protein concentrate. Spray dried PPC developed from roasted peanut flour had better oil holding and emulsifying capacity than the flour itself and would be suitable for use in products like meats and sausage. The extremely high emulsifying capacity of this PPC makes it also a good candidate for food formulations requiring high emulsifying capacities such as salad dressing and creamy soup. The low viscosity of PPC suspension at room temperature and higher viscosity upon heating make PPC a desirable thickener for high protein soups. In addition, the fact that PPC with better functionality could be developed from roasted defatted peanut flour is an important advantage to the peanut oil industry because the roasted defatted peanut flour is an inexpensive by-product of peanut oil production. Thus, peanut protein isolates and concentrates have the potential to add value to the peanut industry and provide food processor with affordable source of plant proteins with unique flavor and functional characteristics.

TABLES:

TABLE Table 1
Caption: Effect of roasting and fermentation on functional properties of peanut flour
Functional properties (ml/g) | Raw | Roasted
--------------------------------------------
Unfermented | Fermented | Unfermented | Fermented
Water binding capacity | 1.67 ± 0.29 | 2.25 ± 0.43 | 1.00 ± 0.00 | 1.67 ± 0.29
Oil binding capacity | 2.67 ± 0.29 | 2.33 ± 0.76 | 1.67 ± 0.29 | 2.50 ± 0.00
Emulsifying capacity | 87.08 ± 6.02 | 123.33 ± 5.53 | 87.50 ± 5.00 | 171.00 ± 1.00
Foaming capacity | 0.06 ± 0.006 | 0.05 ± 0.006 | 0.03 ± 0.00 | 0.08 ± 0.006

TABLE Table 2
Caption: Proximate composition of raw and roasted peanut flour and corresponding protein concentrates
Components (%) | Raw peanuts | Roasted peanuts
----------------------------------------------
Defatted flour | Protein concentrate | Defatted flour | Protein concentrate
Protein a | 52.73 ± 0.12 | 77.82 ± 0.59 | 54.58 ± 0.34 | 85.67 ± 0.36
Fat | 17.00 ± 1.955 | 13.00 ± 0.849 | 12.15 ± 2.64 | 2.99 ± 0.01
Moisture | 4.72 ± 0.064 | 4.62 ± 0.081 | 5.84 ± 0.046 | 2.73 ± 0.138
Ash (%) | 4.85 ± 0.16 | 0.76 ± 0.19 | 4.07 ± 0.38 | 0.77 ± 0.20
Others | 19.38 | 1.86 | 22.30 ± 1.04 | 0.55 ± 0.38

TABLE Table 3
Caption: Effects of processing methods on functional properties of peanut protein concentrates
Functional properties | Raw peanut protein concentrates | Roasted peanut protein concentrates | Control
-------------------------------------------------------------------------------------------------------
Unfermented | Fermented | Unfermented | Fermented | SPI
Vacuum | Spray | Vacuum | Spray | Vacuum | Spray | Vacuum | Spray | Spray
WHO (ml/g) | 1.11 ± 0.05 | 1.63 ± 0.05 | 0.70 ± 0.04 | 1.56 ± 0.02 | 0.83 ± 0.07 | 1.33 ± 0.28 | 0.75 ± 0.00 | 2.22 ± 0.07 | 5.29 ± 0.12
OBC (ml/g) | 0.90 ± 0.03 | 1.58 ± 0.02 | 1.33 ± 0.29 | 1.43 ± 0.15 | 1.00 ± 0.25 | 2.08 ± 0.38 | 1.33 ± 0.52 | 2.14 ± 0.19 | 1.48 ± 0.05
EC (ml/g) | 87.50 ± 5.00 | 137.50 ± 1.92 | 94.25 ± 1.15 | 197.46 ± 4.41 | 90.00 ± 5.00 | 275.67 ± 4.04 | 89.58 ± 1.44 | 279.58 ± 4.66 | 544.67 ± 5.03
FC (ml/ml) | 0.02 ± 0.00 | 0.10 ± 0.00 | 0.03 ± 0.00 | 0.17 ± 0.01 | 0.02 ± 0.00 | 0.09 ± 0.01 | na | 0.25 ± 0.01 | 0.17 ± 0.01

TABLE Table 4
Caption: Viscosity comparison between suspensions of soy protein isolate (SPI, 91% protein) and peanut protein concentrate (PPC, 87% protein) before and after heating
Protein concentration
---------------------
Shear rate (rpm) | 7.5% | 10.0% | 12.5%
 | SPI | PPC | SPI | PPC | SPI | PPC
10 | 260 ± 35 | 320 ± 35 | 1240 ± 151 | 1150 ± 125 | 14,797 ± 916 | 31,813 ± 3212
(340 ± 35) a | (16.0 ± 1.7) | (6200 ± 229) | (23.0 ± 1.7) | (21,455 ± 1506) | (74.0 ± 1.7)
 |  |  |  |  |  | 
30 | 120 ± 0 | 193 ± 12 | 500 ± 35 | 7777 ± 179 | 6712 ± 605 | 10,991 ± 865
(277 ± 11) | (8.7 ± 0.6) | (2200 ± 40) | (13.0 + 1.0) | (8678 ± 144) | (55.7 ± 0.6)
 |  |  |  |  |  | 
50 | 64 ± 14 | 136 ± 7.0 | 324 ± 48 | 5463 ± 184 | 5431 ± 482 | 7087 ± 299
(22 ± 7) | (9.0 ± 0.0) | (1376 ± 109) | (14.8 ± 0.3) | (6171 ± 88) | (49.8 ± 0.6)

[3 FIGURES AVAILABLE -- downloaded separately to FIG_files/]",elsevier_txt
10-1016_j-ifset-2022-102959_results_discussion2,10-1016_j-ifset-2022-102959,results_discussion,2,"WATER HOLDING CAPACITY (WHC):
The gel with good properties could fully capture and retain water in the three-dimensional crosslinked network structure ( Ainis et al., 2019 ). The WHC of PPI gels under different heat treatments is shown in Fig. 7 . The WHC of the PPI gels under the OH treatment was significantly higher than that under the CH treatment (86.73 g/100 g) ( P < 0.05). This might be due to the electric field effects that changed the charge distribution on the protein molecules and increased the intermolecular repulsion, thus promoting protein unfolding and improving the possibility of water binding ( Wang et al., 2020 ). Angel-Rendon, Filomena-Ambrosio, Cordon-Diaz, Benitez-Sastoque, and Sotelo-Diaz (2019) suggested that OH technology could quickly and uniformly process food, improving the large water loss caused by traditional methods. Under the condition of the same electric field strength or frequency, the WHC of PPI gels gradually increased with increasing frequency or decreasing electric field strength, but there was no significant difference among all samples ( P > 0.05). Increasing the electric field strength (from 5 V /cm to 20 V/cm) resulted in a 1.02% decrease (from 90.12 g/100 g to 89.07 g/100 g) in WHC at 50 Hz. The WHC of the OH 50 Hz 20 V/cm treatment reached the lowest value (89.07 g/100 g). This was attributed to less SH/S-S bonds exchange, resulting in less S S bonds cross-linking and lower protein aggregation. Therefore, the gel network could not maintain more moisture ( Wang et al., 2020 ).

TEXTURE PROFILE ANALYSIS (TPA):
The textural properties of the PPI gels under different heat treatments are shown in Table 2 . The CH-induced gel showed the highest hardness (286.59), gumminess (81.09), and chewiness (73.22). In this study, the hardness values of the OH-treated PPI gels were significantly lower than those of the control sample (P < 0.05). Gel hardness reflected WHC to some extent. The increase of WHC and the decrease of hardness of the gel treat with ohmic heating could be explained as OH gels have a finer structure and were less hard, so it is more conducive to water-protein interaction and can absorb and retain more water ( Rodrigues, Fasolin, et al., 2020 ). In addition, gel hardness increased significantly (P < 0.05) accompanied by the decrease of frequency (from 20 kHz to 50 Hz) and the increase of the electric field strength (from 5 V /cm to 20 V/cm). The increase in gumminess and chewiness was accompanied by the decrease in frequency and increase in electric field strength. The decrease in aggregate size and increase in soluble aggregates favored protein-protein cross-linking and the formation of a stronger gel network structure ( Li et al., 2020 ), thus enhancing gel hardness, gumminess, and chewiness. With the decrease of frequency (from 20 kHz to 50 Hz) and the increase of electric field strength (from 5 V/cm to 20 V/cm), the gel springiness decreased and then increased (from 0.90 to 0.88 to 0.90) and cohesiveness decreased (from 0.32 to 0.29). Overall, OH treatment affected the protein-protein interaction and then decreased the hardness, gumminess, and chewiness of the gel. Moreover, it changed the springiness and cohesiveness to varying degrees.

SCANNING ELECTRON MICROSCOPY (SEM):
SEM was used to observe the effects of the different heat treatments on the three-dimensional network structure of the gels. The SEM of the PPI gels under different heat treatments is shown in Fig. 8 . The structure of the CH-treated gel ( Fig. 8 a) was notably rough and bumpy, characterized by the large protein aggregates and poor WHC of the gel. This phenomenon was consistent with Peyrano, Lamballerie, Avanza, and Speroni (2021) , who studied heat-induced gelation of cowpea protein and found that the more uniform the gel network structure, the stronger WHC. In the traditional heating process, the existence of the hot surface meant that the heat was slow to transfer to the center of the sample, and the uneven heating for a long time resulted in the degradation of food quality. Compared with CH treatment, OH treatment changed the microstructure morphology of the PPI gel network to a more uniform, denser, and smooth one. This might be due to the decrease of free SH content in the protein after OH treatment to produce more intermolecular S S bonds, thus forming a uniform three-dimensional network structure. The OH 50 Hz-treated gel had a higher degree of cross-linking, smaller microstructural pores, and a smoother surface with a relatively uniform appearance. With the increase of electric field strength (from 5 V /cm to 20 V/cm) at OH 50 Hz, the microstructure of the gel became finer but not significantly ( Fig. 8 e, f, and g). Gelation was closely related to protein aggregates. Wu et al. (2019) found that when smaller aggregate size was involved in the subsequent gel formation, a more uniform and more cross-linked gel structure was formed. However, larger aggregates would weaken the gel network structure of the proteins ( Hua, Cui, Wang, Mine, & Poysa, 2005 ; Rodrigues, Fasolin, et al., 2020 ). With the increase of OH treatment frequency (from 50 Hz to 20 kHz), the aggregation degree of protein molecules increased, and the gel structure became irregular and less compact. Large irregular pores and uneven distribution were observed. Overall, the effect of the electric field on the gel microstructure was more significant at a lower frequency and higher electric field strength.

RHEOLOGICAL PROPERTIES:
The G' and G"" could represent the elasticity and viscosity of the protein gel network structure. The rheological properties of the PPI gels under different heat treatments are shown in Fig. 9 a and b . Overall, all gel samples showed G' > G”, indicating that the elastic behavior was dominant in the samples, which confirmed the formation of the gel. In addition, G' and G“ treated with two different treatments showed a slight frequency dependence, indicating that the gels produced by both treatments all had weak gelation properties, which can be characterized as gel-like behavior. The G' and G"" of the OH-treated samples were less than that of the CH-treated sample, and the viscoelasticity of the gel was weaker. This finding is consistent with the report by Rodrigues et al. (2015) . Gelation was related to the content of insoluble and soluble aggregates in the aggregate solution. Increasing the number of soluble aggregates would promote protein-protein cross-linking to obtain higher G' and G"" values, while the existence of insoluble aggregates would hinder the formation of the three-dimensional network and reduce the degree of cross-linking ( Klost, Brzeski, & Drusch, 2020 ). The rheological properties of the gel were also related to the micro-network structure formed. The gel network structure with less coarseness showed higher elastic energy storage ability ( Munialo, Linden, & Jongh, 2014 ). Compared with the coarse gel obtained by OH treatment with high frequency or low field strength (20 kHz and 5 V /cm), the fine network structure formed at low frequency or high field strength (50 Hz and 20 V/cm) showed higher viscoelasticity. In addition, with increasing electric field strength (from 5 V/cm to 20 V/cm), there was great difference in viscoelasticity, even with no significant difference between the gel microstructure ( Fig. 8 e, f, and g).",elsevier_txt
10-3390_foods11101373_intro1,10-3390_foods11101373,intro,1,"Received: 12 April 2022
Accepted: 7 May 2022
Published: 10 May 2022

Received: 12 April 2022

Tartary buckwheat (Fagopyrum tataricum) is an important medicinal and edible plant
that is rich in bioactive substances such as protein, starch, and ﬂavonoids, and has a high
nutritional and medicinal value [1]. Tartary buckwheat protein (TBP) is the main bioactive
substance of Tartary buckwheat, accounting for approximately 15~17% of the whole seed.
It has a rich and balanced amino acid content and high nutritional value, and also has
a variety of biological activities, such as lowering blood pressure, lowering blood sugar,
and antioxidation [2–4]; as a high-quality natural plant protein, TBP has considerable
development prospects.

Publisher’s Note: MDPI stays neutral
with regard to jurisdictional claims in
published maps and institutional afﬁl-
iations.

The physicochemical and functional properties of protein affect the process, nutrition,
and sensory elements of food to a great extent, and are important aspects to evaluate the
potential of proteins and provide guidance for their application. Recently, various methods
have been used to improve the structure and functional properties of proteins to achieve
the purpose of improving food quality. As a natural biological treatment technology,
germination has been widely used to improve the nutritional and processing characteristics
of plants. During plant germination, the endogenous protease is activated, the protein is
decomposed into amino acids and peptides [5], the protein molecular structure is unfolded,
the polypeptide chain is broken, and the water/oil binding site is exposed, which is

Copyright:
© 2022 by the authors.
Licensee MDPI, Basel, Switzerland.
This article is an open access article
distributed
under
the
terms
and
conditions of the Creative Commons
Attribution (CC BY) license (https://
creativecommons.org/licenses/by/
4.0/).

conducive to the improvement of functional properties such as solubility, foaming, and
emulsifying properties [6]. Singh et al. [6] reported that germinated sorghum has better
functional properties than native sorghum, and the solubility, emulsifying, and foaming
properties of sorghum protein after germination at 25 ◦C for 48 h were 49.38%, 15.02%, and
185.71% higher than those of the control, respectively. Anti-nutritional factors in the plant,
such as phytic acid and trypsin inhibitors, will reduce the sensitivity of protein and related
enzymes, while germination treatment can inhibit or eliminate anti-nutrients in plant, so
that the nutritional value, biological activity, and digestibility of protein can be improved
to a certain extent [7,8]. Sharma et al. [8] showed that the protein digestibility of pigeon pea
seeds was 69.86%, and its protein digestibility could be signiﬁcantly increased to 98.27%
after 48 h of germination.

At present, some new technologies have been developed to regulate the germina-
tion and growth of plants, including microwaves [9], ultrasonic [10], and electromagnetic
waves [11]. As an environment-friendly and efﬁcient processing technology, microwaves
have become a research hotspot in the food industry. Microwave treatment has a spe-
cial regulatory effect on the germination, growth, and enzymatic activity of plants; our
previous research results showed that microwave treatment can promote the germina-
tion of Tartary buckwheat seeds, and the germination rate of Tartary buckwheat within
3–7 days after microwave treatment (300 W/75 s) was signiﬁcantly higher than that of
ultrasonic treatment [12]. After 300 W/50 s microwave pretreatment, the bud length and
fresh weight of Tartary buckwheat after germination at 5 days signiﬁcantly increased by
23.38% and 34.48% compared with the control, respectively [13]. The electromagnetic
energy generated by microwaves can activate the activity of endogenous enzymes in seeds,
promote the decomposition of proteins and the synthesis of amino acids in plants [9], and
improve the in vitro digestibility and biological activity of proteins during the germination
of plants [12,14]. Other studies have shown that microwaves, as a physical modiﬁcation
method, can safely and effectively improve the functional properties of proteins based
on preserving plant nutrients [15]. Deng et al. [16] found that the protein digestibility of
buckwheat increased by 0.8%, 3.6%, and 6.5% under high hydrostatic pressure (600 MPa,
60 ◦C, 30 min), microwaves (850 W/30 min), and boiling treatments, respectively: both
high hydrostatic pressure and boiling treatment signiﬁcantly reduced the content of free
amino acids in buckwheat protein, whereas microwave treatment has little effect on it. Sun
et al. [17] investigated the effects of soaking, grinding, ultrasound, and microwaves on the
protein digestibility of pigeon pea ﬂour. The results showed that only microwave treatment
signiﬁcantly increased its value from 54.4% to 71.6%. Therefore, using microwaves to
stimulate plant germination can be an effective strategy to improve the content of bioactive
metabolites, nutritional value, and processing quality of plants.

However, there are few studies on the protein structure, functional properties, and
bioactivity of germinated plants after microwave pretreatment. Keeping in view the
innovative approach of novel food processing, this study used Tartary buckwheat seeds as
raw materials to study the effects of microwave pretreatment with a different power and
treatment time on the molecular structure, functional properties (solubility, water-holding
capacity, emulsifying activity index, emulsifying stability index, foaming capacity, and
foaming stability), in vitro protein digestibility, and antioxidant activities (DPPH, ABTS,
and FRAP) of germinated TBP in order to provide a theoretical and experimental basis for
the development and utilization of functional TBP resources.",pdf
10-3390_gels11120971_results_discussion1,10-3390_gels11120971,results_discussion,1,"2.1. Properties and Stability of Pulse Protein Concentrate Suspensions Prior to Processing

The initial pH of the three types of protein suspensions ranged between 6.3 and
6.6. As seen in Figure 1a, which shows the data for pea protein concentrate (PPC), the
chosen levels of acidification lowered the pH to 5.5 (Low Acid) and 4.5 (High Acid),
respectively, approaching the isoelectric point of pulse proteins (pH 4–5). The addition
of calcium up to 30 mg Ca/g protein progressively decreased the pH of PPC suspensions
for all acidification levels (No Acid, Low Acid, High Acid). The same was found in both
lentil protein concentrate (LPC) and faba bean protein concentrate (FPC) suspensions
(Supplemental Figure S1). Since the addition of CaCl2 to water without added protein
concentrate, at the same concentration levels as in the protein suspensions, resulted in a
slight increase in alkalinity (by approximately 0.5–1 pH units), the observed pH decrease
in suspensions is likely due to interactions between calcium ions with protein functional
groups. According to previous reports, Ca2+ and H+ compete for the same anionic binding
sites in the phosphate esters of phytates from legumes, as well as the carboxyl groups of
aspartic and glutamic acid residues and imidazole groups of histidine residues of the pulse
protein molecules, which results in H+ being released in solution [24–26]. Therefore, any
effect of CaCl2 addition on protein gelation will likely be due both to calcium and the drop
in pH [27].

Figure 1b shows the concentration of free Ca2+ in PPC suspensions. At the same level
of calcium addition, No Acid samples had the lowest free [Ca2+]. This likely happened
because Ca2+ ions have a high affinity to negatively charged protein binding sites at
the unmodified pH of the solution (pH 6.3) [26]. With increasing acidification, some
negatively charged binding sites in the protein chains were neutralized, the affinity of Ca2+
to these binding sites lowered, and, consequently, free [Ca2+] increased. This effect of the
competition between Ca2+ and H+ on free [Ca2+] was also observed for the acidification of
milk proteins [28].

The stability of proteins prior to processing was assessed by determining their zeta
potential (ζ-potential) and particle size distribution. For the unmodified PPC suspension
(No Acid-0 mg Ca/g protein), as seen in Figure 2, the highest magnitude of the ζ-potential
(−26.48 mV) and thus the highest stability, was observed at a pH farthest above the isoelec-
tric point of pea proteins, which is in the pH range 4.0–5.0 [16]. Under these conditions,

the strong electrostatic repulsion between protein particles prevented their aggregation, as
supported by this sample having the lowest effective diameter (702 nm) [27]. The magni-
tude of ζ-potential progressively dropped with acidification and calcium addition, as H+
and Ca2+ ions screened negatively charged protein groups. The decrease in electrostatic
repulsive interactions between protein molecules enhanced the relative strength of attrac-
tive interactions, such as short-range van der Waals forces, and promoted the formation
of increasingly larger protein aggregates [29]; this hypothesis is supported by the increase
in particle size. The increase in particle size is illustrated by both the increase in effective
diameter (Figure 2) and the shift of the smallest particle sub-population observed around
100 nm towards larger sizes (Supplemental Figure S2). The exception to this trend was
represented by the High Acid samples, for which calcium addition reduced the magnitude
of ζ-potential but did not increase particle size. The reason may be that, at High Acid, an
excess of H+ outcompeted Ca2+ for binding at negatively charged protein binding sites and
thus reduced the ability of Ca2+ to form bridges between protein molecules.

Similar effects of acidification and calcium addition were found for LPC and FPC,
for which ζ-potential, particle size, and free [Ca2+] data is included in Supplemental
Tables S1–S3.

2.2. Effect of Process Type, Acidification, and Calcium Addition on the Rheological Properties and
Microstructure of Pulse Protein Concentrate Gels

The rheological properties of the samples were used to assess the structural changes
induced by each treatment. Elastic modulus (G′), which is a measure of the strength of
the material and denotes solid-like behavior, viscous modulus (G′′), which represents
the liquid-like behavior, and loss tangent (tan δ) were obtained from small amplitude,
oscillatory frequency sweeps. The linear viscoelastic range (LVR) was first determined
using strain sweeps (see Supplemental Figure S3), after which frequency sweeps were
conducted at strain values in the LVR. Supplemental Figure S4 shows the G′ vs. frequency

for all samples. To compare gel stiffness across different acidification and calcium addition
levels, G′ values at a frequency of 1 rad/s (G′1 rad/s) of all processed samples were extracted
and are shown in Figure 3.

Prior to processing, samples displayed liquid or weak gel behavior, with G′ values
of 101–102 Pa. Of unprocessed suspensions, No Acid-0 Ca/g protein samples had the
lowest G′ values across all frequencies, and generally tan δ > 1 (Figure 4), which indicates a
predominantly liquid-like behavior with largely unassociated particles; this was expected,
given the large magnitude of the ζ-potential, conducive of strong electrostatic repulsion.
With acidification and/or calcium addition, due to the increase in attractive interactions
and protein aggregation, G′ increased and most samples had tan δ < 1, indicating the
formation of a weak gel. HPP and thermal processing both produced self-standing gels,
with a higher magnitude of G′ (103–104 Pa) and tan δ < 1 over the entire frequency range.

Across all protein types, thermally induced gels had similar or higher G′1 rad/s values
compared to their HPP-induced counterparts. Tan δ values were also generally lower
in thermally induced gels (0.14–0.27) than HPP-induced gels (0.19–0.28), indicating that
the former had stronger solid-like behavior. This is in agreement with prior work from
our lab [9], which showed that thermal processing created stronger PPC, LPC, and FPC
gel networks than HPP, despite a similar degree of protein denaturation. Others also
showed that, for both soybean protein isolates [30–32] and cowpea protein [33], thermally

induced gels were stronger than HPP-induced gels. Thermal processing creates stronger
gel networks than HPP, primarily due to strong intermolecular linkages that can form
due to a greater extent of exposure of reactive groups [34,35]. In the case of the protein
concentrates used in this work, a secondary contributor could have been the gelatinization
of the significant starch fraction under thermal processing, which reinforced the overall
network [34]. In HPP gels, starch granules remain intact and behave as an inert filler [21].
Intact starch granules, with a smooth kidney-shaped appearance, were observed in SEM
images of HPP PPC gels, as shown in the HPP High Acid-0 mg Ca/g protein sample in
Figure 5 (higher magnification) and Supplemental Figure S5 (lower magnification).

Overall, gel strength increased with acidification. At 0 mg Ca/g protein, the G′1 rad/s
values of both thermally processed and HPP gels were the lowest at No Acid and highest at
High Acid. With reduced electrostatic repulsion caused by the addition of acid, attractive
forces between protein molecules dominated, facilitating aggregation and the formation of a
stronger, more interconnected, gel network. The SEM micrographs (Figure 5, Supplemental
Figure S5) and the photos of gels in Supplemental Figure S6 show that the High Acid-
0 mg Ca/g protein sample was coarser and more granular than the No Acid-0 mg Ca/g
protein sample.

The effect of calcium addition was dependent on both process type and acidification
level. Under No Acid conditions, thermally induced gels showed no significant changes
in G′1 rad/s with calcium addition. This differs from previous reports that indicated that
calcium addition strengthened thermally induced gels made from pea protein isolate [27],
soy protein isolate [36], and pea, lentil, and faba bean protein concentrates [37]. A key dis-
tinction between this work and these previous studies is that the pulse protein concentrates
used here were produced via air classification, which largely preserves the native protein
structure [32], whereas protein materials in previous studies were produced under dena-
turing conditions (alkaline extraction and isoelectric precipitation). The pre-denaturation
of proteins may expose additional binding sites for calcium, facilitating more extensive
calcium bridging during heating compared to the present study, which used undenatured
proteins. Future work will be needed to confirm this hypothesis.

By contrast, the No Acid HPP gels for all protein types had significantly higher strength
(G′1 rad/s) at 20 and 30 mg Ca/g protein than at 0 mg Ca/g protein, suggesting that calcium

addition enhanced protein aggregation, likely due to the formation of calcium-mediated
bridges between protein chains. Previous studies reported that high-pressure conditions
promote the transient dissociation of calcium ions from protein binding sites [12], allowing
them to rebind in configurations that favor cross-linking between unfolded protein chains,
ultimately strengthening the gel network [38,39]. However, with increasing acidification,
the positive effect of calcium addition on HPP-induced gel stiffness diminished. At Low
Acid, calcium addition only increased G′1 rad/s in FPC HPP gels and had no significant
impact on the other samples. At High Acid, increasing calcium addition had either no effect
or a detrimental effect on the strength of both HPP- and thermally induced gels. G′1 rad/s
values were lowest in thermally processed PPC samples at 30 mg Ca/g protein, and in
both thermally processed and HPP LPC gels at 20 and 30 mg Ca/g protein. Manassero
et al. [38], who studied the effect of minerals during the HPP of soy protein isolate (likely
in a pre-denatured state), hypothesized that, at high binding affinity, Ca2+ may be buried
in the binding site of a single protein, preventing it from making bridges between proteins,
while at a low affinity Ca2+ may be more available to participate in intermolecular bridges.
Our observations do not align with this theory. For the (undenatured) proteins used in the
current study, it appears that the higher affinity of Ca2+ to anionic sites on the protein chains
without acidification favored the formation of bridges, whereas the decreased calcium
binding affinity at higher acidification levels reduced its ability to participate in bridging.
This aligns with previous observations in dairy systems, where the solubilization of calcium
with acidification reduces calcium bridging between caseins [28].

The complex influence of acidification and calcium addition and their interactions on
gel stiffness are thought to reflect the balance of two opposing contributions. On the one
hand, the reduction in repulsion and increase in protein–protein interactions increased gel
stiffness; on the other hand, localized protein aggregation can result in fewer connection
points in the network and a subsequent weakening of the gel matrix [40–42]. This pos-
sibility is supported by the larger voids observed in the microstructure of samples that
were acidified and/or had calcium compared to the No Acid-0 mg Ca/g protein sample
(Supplemental Figure S5).

2.3. Effect of Process Type, Acidification, and Calcium Addition on the Textural Properties and
Macrostructure of Pulse Protein Concentrate Gels

2.3.1. Gel Cohesiveness and Hardness

While the rheological data discussed above provides useful information about sample
microstructure and the strength of internal bonds, the way samples will behave during
processing or mastication is more accurately indicated by texture analysis. The texture
parameters cohesiveness and hardness of HPP- and thermally induced gels are presented
in Figures 6 and 7. Before discussing these properties, a note should be made about the
presence of air bubbles inside the processed samples, as they can have a significant impact
on their texture. Although all protein suspensions were degassed prior to processing, the
weak gel structure formed after acidification and calcium addition facilitated the retention
of air bubbles. Images of processed samples indicate coarseness and the presence of visible
air bubbles in the thermally induced gels, compared to the smoother and more uniform
HPP-treated samples. While heating promoted the coalescence of air bubbles by increasing
kinetic energy, pressurization compressed entrapped air bubbles, making them smaller.
This is consistent with a previous report that has shown that HPP treatment resulted in
a more uniform distribution of smaller bubbles in cake batter compared to an untreated
control [43]. Samples with higher acid addition also had a coarser appearance compared to
those with no or low acid addition (Supplemental Figure S6).

Across all acidification and calcium addition levels, HPP-induced gels were signifi-
cantly more cohesive than thermally induced gels. HPP-induced gels had greater resilience
to compression than thermally induced gels because the volume reduction in intra- and
inter-protein cavities and uniformity of protein denaturation with the isotropic transfer
of pressure during HPP produced a denser, more homogenous gel matrix. In thermally
induced gels, acidification and calcium addition further decreased cohesiveness, likely due
to the disruption of the gel matrix by air pockets.",pdf
10-1016_j-foodchem-2004-12-041_intro1,10-1016_j-foodchem-2004-12-041,intro,1,"Over a century ago, ions were arranged into a series based on their ability to salt out proteins ( Hofmeister, 1888 ) and since then this approach has been extended to characterise the ability of particular ions to nature or denature biological material ( Baldwin, 1996; Collins & Washabaugh, 1985; Eagland, 1975; Lawal & Adebowale, 2004; Von Hippel & Schleich, 1969 ). The term ‘kosmotrope’ refers to salts that stabilize protein structures while ‘chaotropes’ are salts that destabilize protein structures ( Wiggins, 2001 ). The terms were later extended to the apparently correlating property of increasing, or decreasing, respectively, the structuring of water ( De Xammar Oro, 2001 ). Chaotropes break down the hydrogen-bonded network of water, so allowing macromolecules more structural freedom and encouraging protein extension and denaturation. Kosmotropes are stabilizing solutes, which increase the order of water, whereas chaotropes create weaker hydrogen bonding, decreasing the order of water, increasing its surface tension and destabilizing macromolecular structures ( Uedaira & Uedaira, 2001 ).
It has been reported that the effect of salt concentration on protein stability is very ion-specific, with stabilizing or destabilizing effects typically following the Hofmeister series ( Von Hippel & Wong, 1962 ): SO 4 2 - > H 2 PO 4 - > CH 3 COO - > Cl - > Br - > I - > ClO 4 - > SCN - . Salts such as Na 2 SO 4 , NaCl, NaBr, NaI, NaClO 4 , NaSCN influence the physicochemical properties and interactions between proteins by ionic strength effects, binding to charged groups. Also, at high concentrations, they may alter water structure with subsequent changes in hydrophobic and electrostatic interactions ( Damodaran & Kinsella, 1982 ). Studies on the effects of salts on the structural properties of proteins have revealed that at least two effects of salts make major contributions to the structure-stabilizing properties of the proteins, which are their effects on solvent (water) structure and electrostatic interaction with the charged groups of the protein ( Muller, 1988 ). This reasoning has also been expounded by certain workers, who believe in the possibility of direct ion binding to the peptide backbone of proteins while others believe that ions affect protein folding, indirectly, by interacting with structurally-bound water molecules ( Asghar & Henrickson, 1982; Sarabia, Gomez-Guillen, & Montero, 2000 ).
The extent of such changes depends on the nature and concentration of the solute. In the Hofmeister series, I − , ClO 4 - , and SCN − are categorised as chaotropic while SO 4 2 - , Cl − , Br − are kosmotropic.
Effective utilization of a seed protein in food systems depends extensively on its functional properties ( Chavan, Mc Kenzie, & Shahidi, 2001 ). These include emulsification, foam formation, viscosity, gelation, and water and oil absorption capacity. It is also vital to study functional properties of protein isolates in response to the operating environment; these include the ionic strength and pH of the medium ( Myers, 1988 ). Binding forces within the matrices of protein molecules, such as hydrophobic and electrostatic interactions, can be influenced by ionic strength to produce proteins with varying structural conformations and functional properties ( Aluko & Yada, 1995 ). In addition, hydrodynamics of protein molecules in food systems are subject to prevalent ionic strength and concentration. In a three-component system, such as protein–water–salt, knowledge of the preferential interactions of the proteins with the solvent components can give an insight into the manner by which additives affect the solubility and stability of proteins. Effect of salts, particularly NaCl, have been studied on the functional properties of some protein concentrates such as oil seed ( Mcwatters & Holmes, 1979; Cherry & Mc Watters, 1989 ) lupin and Great Northern bean proteins ( Sathe & Salunkhe, 1981; Sathe, Desphande, & Salunkhe, 1982 ), pigeon pea and cowpea protein isolates ( Akintayo, Oshodi, & Esuoso, 1999; Mwasaru, Muhammad, Bakar, & Cheman, 2000 ) and mucuna protein concentrate ( Lawal & Adebowale, 2004 ).
The present study was targeted at investigating the influence of various concentrations of Na 2 SO 4 , NaCl, NaBr (kosmotropic salts) and NaI, NaClO 4 , and NaSCN (chaotropic salts) on functional properties of a protein isolate prepared from African locust bean ( Parkia biglobossa ).",elsevier_txt
10-1111_1750-3841-17607_intro1,10-1111_1750-3841-17607,intro,1,"researchers to actively explore suitable alternates to soy
protein (Mandliya et al., 2022; Xia et al., 2023). Pea (Pisum
sativum) has emerged as a popular choice among pulses
due to its healthy and nutritious profile (B. Zhang et al.,
2022). Dry peas typically contain 20%–30% protein (Y.
Zhang & Ryu, 2023b). Pea ingredients, including pea flour
(PF) and pea protein concentrate (PPC), are excellent
sources of high-quality proteins, containing high levels
of essential amino acids including lysine and tryptophan

The global demand for plant protein is steadily rising
due to its sustainability, potential health benefits, and
positive environmental and economic impacts in com-
parison to animal-based proteins (Brishti et al., 2021).
Traditionally, soybean has been the predominant plant
protein source in food industry; however, its potential to
trigger allergic reactions in some consumers has prompted

(B. Zhang et al., 2022). Recently, pea has been utilized in
manufacturing plant-based meat alternatives due to its
protein capability to develop meat-like fibrous structures
(Ramos Diaz et al., 2022). These factors make pea ingre-
dients a promising food component to balance diet, add
nutritional value to food products, and a valuable option
for food manufacturers seeking a low-cost alternative to
animal-based proteins (Helmick et al., 2023). However,
the use of PPC and PF in food industry relies on their
functional characteristics, including solubility, gelation,
foaming, and emulsifying properties, as these properties
dictate the performance of the ingredients in different
food applications such as pasta, baked goods, and snacks
(Sinaki et al., 2023). Therefore, effective methods should
be used to modify the PF and PPC functional properties to
broaden their application as a functional components in
the food sectors.

gelation, and water/oil-holding capacity), surface charac-
teristics (emulsifying and foaming properties), and protein
structure (surface hydrophobicity and sulfhydryl [SH]
content) (Shevkani et al., 2015). These properties are asso-
ciated with the protein molecules’ size, structure, and
charge distribution, as well as external factors and pro-
cessing parameters (Shevkani et al., 2015). In this study,
SCFX under controlled high specific mechanical energy
was employed to alter both the functional and structural
characteristics of PF and PPC.

2",pdf
10-1016_j-foodhyd-2025-111968_methods2,10-1016_j-foodhyd-2025-111968,methods,2,"MOLECULAR WEIGHT DISTRIBUTION OF DIGESTION PRODUCTS:
Following the method of Pinho et al. (2024) , post-digestion samples were centrifuged at 10,000 g for 20 min at 4 °C. The supernatant was filtered through a 0.22 μm membrane and analyzed using high-performance liquid chromatography (HPLC) equipped with a TSKgel G2000SWXL column (Tosoh Bioscience, Tokyo, Japan). The mobile phase consisted of 30 % (v/v) acetonitrile and 0.1 % (v/v) trifluoroacetic acid, delivered at a flow rate of 0.5 mL/min. Detection was performed at 214 nm. Molecular weight standards included bovine serum albumin (66.7 kDa), α-lactalbumin (14 kDa), aprotinin (6.5 kDa), insulin (3.5 kDa), bacitracin (1.4 kDa), and glutathione (307 Da).

AMINO ACID COMPOSITION OF ABSORBABLE FRACTIONS:
To determine the amino acid composition of the absorbable fractions, the digested samples were treated with trichloroacetic acid (TCA) to a final concentration of 12 % (w/v) to precipitate undigested proteins, following the method described by Komatsu et al. (2023) . After centrifugation at 10,000 g for 20 min at 4 °C, the supernatant was collected for analysis. For total amino acid analysis, aliquots were hydrolyzed with 6 M hydrochloric acid at 110 °C for 18 h under a nitrogen atmosphere. Methionine and cysteine were determined by acid hydrolysis in 6 M hydrochloric acid containing 1.0 % (v/v) thioglycolic acid at 110 °C for 18 h. Tryptophan content was assessed by alkaline hydrolysis using 4 M lithium hydroxide at 110 °C for 18 h, followed by neutralization with 6 M hydrochloric acid. All hydrolysates were analyzed using a UPLC-MS/MS system (ACQUITY UPLC H-Class, Waters Corp., Milford, MA, USA) equipped with a TQ-S micro mass spectrometer. Chromatographic separation was achieved on an ACQUITY UPLC HSS T3 column (2.5 μm, 3.0 × 150 mm) at 40 °C, with a flow rate of 0.4 mL/min. The mobile phase consisted of 0.1 % (v/v) formic acid in water (A) and 0.1 % (v/v) formic acid in acetonitrile (B), with a gradient elution program.

IN VITRO PROTEIN DIGESTIBILITY:
The in vitro protein digestibility was calculated by measuring the nitrogen content of the TCA-soluble fraction using the Kjeldahl method and expressing it as a percentage of the total nitrogen content of the original gel sample.

CALCIUM BIOACCESSIBILITY:
Calcium bioaccessibility was assessed following the procedure described by Wang et al. (2020) , with modifications. Digested samples were centrifuged at 30,000 g for 20 min at 4 °C. The supernatant was collected, digested with nitric acid, and diluted to a fixed volume with deionized water. Calcium concentration was determined using an atomic absorption spectrometer (iCAP PRO, Thermo Fisher Scientific, Waltham, USA) under the following operating conditions: power, 1150 W; auxiliary gas flow, 0.5 L/min; nebulizer flow, 0.5 L/min; ion gas flow, 15 L/min; and cooling gas flow, 12.5 L/min. Calcium bioaccessibility was calculated as the percentage of calcium in the supernatant relative to the total calcium content in the original gel sample.

DATA ANALYSIS:
All measurements were performed in triplicate, and results were expressed as mean ± standard deviation. Normality was assessed using the Shapiro-Wilk test, and Levene's test was used to assess the homogeneity of variances prior to one-way analysis of variance (ANOVA). ANOVA was conducted using SPSS 19.0 (IBM Corp., Armonk, NY, USA). Differences between groups were assessed by Duncan's multiple range test at a significance level of p < 0.05.",elsevier_txt
10-1016_j-foodchem-2012-12-028_intro1,10-1016_j-foodchem-2012-12-028,intro,1,"The solubility of proteins and their properties are strongly affected by pH. Soluble fractions account for about 75–85% of proteins present in potatoes. This has been shown by different authors ( Ahldén & Trägårdh, 1992; Ralet & Guéguen, 2000 ) most of soluble potato protein consist of 44,000 or 55,000 and 66,000 Da molar weight fractions which had an isoelectric point in the acidic range between pH 4.5 and 5.5. Other fractions, stated about 30% of the soluble potato protein were separated isoelectrically at pH values of approximately 6.0, 6.5, 7.2 and 7.8 and consist mainly of two protein fractions with molecular weight close to 20,000 or 14,000 Da. The recovery of proteins from potato fruit juice (PFJ) by heat coagulation, usually in low pH (ca 4.0–5.0) similar to processing on an industrial scale, led to the isolation of most protein fractions, however they are denaturated to an extreme extent. Although obtained by this method, a commercial potato protein isolate is characterised by a high content of total protein and low ash content and has weak functional properties such as: solubility, water and oil absorption capacity.
Studies of authors ( Ralet & Gueguen, 2000; van Koningsveld et al., 2002 ) show that solubility of potato proteins at pH > 5 is closely correlated with the ionic strength of the solution and the presence of unfolded tuberine. In the case where the ionic strength of slightly acidic or neutral potato protein solution was increasing, the destructive effects of high temperatures on the protein are significantly reduced. By increasing ionic strength of the solution to 0.2 M/dm 3 , denaturation temperatures of the majority of potato protein fractions also increase and destruction of the secondary structure of proteins occurs prior to complete denaturation. This in turn can impact protein digestibility and functional properties as well as the susceptibility on chemical reactions. To increase the ionic strength of colloidal protein solution NaCl or CaCl 2 solutions were used ( Ralet & Gueguen, 2000; van Koningsveld et al., 2002 ).
Functional properties of food proteins can be improved by some modifications, however, nutritional value may be affected. Among all chemical modifications, phosphorylation has been proven as an important and efficient method for improving the functional properties of food proteins like soybean ( Hirotsuka & Taniguchi, 1984; Kunsheng, Yangyang, & Yunxia, 2007; Sung, Chen, Liu, & Su, 1983 ), dairy whey ( Li, Enomoto, Ohki, Ohtomo, & Aoki, 2005 ), soy whey ( Li, Enomoto, Hayashi, Zhao, & Aoki, 2010 ), ovoalbumin ( Li et al., 2005 ), β-lactoglobulin ( Woo, Creamer, & Richardson 1982 ), casein and lysozyme ( Matheis, Penner, Feeney, & Whitaker, 1983 ), bovine serum albumin ( Enomoto et al., 2008 ), egg white ( Li, Ibrahim, Sugimoto, Hatta, & Aoki, 2004 ) and other protein sources. The chemical phosphorylation method is popular mainly because many phoshoproteins occur in nature. Many of them like casein in milk and ovoalbumin in egg white are used as food in human diet and food functional ingredients. The most popular phosphorylation method of food proteins is a chemical one (sulfatation) where chemicals like phosphorus oxychloride POCl 3 ( Matheis et al., 1983 ), phosphoric acid ( Yoshikawa, Sasaki, & Chiba, 1981 ) and trisodium trimetaphosphate (STMP) ( Sung et al., 1983 ) are used. The introduction of phosphoryl residues increases the negative charge and hydratation, and changes the functional properties of proteins ( Damodaran & Paraf, 1997 ). Of the phosphorylating reagents tested, so far, only POCl 3 and STMP may have proven to be economical and practical applicable. However, the chemical phosphorylation of food proteins may not be easily accepted by consumers mainly because of harsh reaction conditions, nonspecific chemical reagent and difficulty in removing the reagent from the final product ( Matheis et al., 1983; Woo et al., 1982 ).
Sodium trimetaphosphate (STMP) is an inorganic polyphosphate salt that serve as a chelating, starch-modifying and a bone-imaging agent in foods. It is an approved food additive, and has been reported to have less toxic and fewer physiological effects than any other straight-chain polyphosphates. The polyphosphate anions found in STMP can bind calcium more tightly than sodium, therefore, exchange their sodium ions when calcium ions are present ( Laningan, 2001 ). Nonenzymatic phosphorylation with STMP appears to be able to solve many of the problems associated with POCl 3 . However, further research is needed to determine the exact incorporation of covalently bound Pi. Sung et al. (1983) used STMP for phosphorylation of soybean protein under alkaline conditions (pH 10.5–12.5, 25–45 °C, for 3 h). The reaction was found to be dependent on pH, temperature and concentration. Also Woo et al. (1982) obtained phosphorylated bovine protein stable in the alkaline pH range. The object of this study was to chemically phosphorylate potato protein isolate with sodium trimetaphosphate at ambient temperature at various pH to improve the functional properties without impairing its nutritional availability.",elsevier_txt
10-1016_j-fufo-2026-100979_methods1,10-1016_j-fufo-2026-100979,methods,1,"RAW MATERIALS:
After lab trials a pilot scale production method for producing a quinoa protein concentrate and a side-stream product from quinoa flour was developed and is depicted in Fig. 1 . The production of the quinoa protein concentrate was carried out at the facilities of Fraunhofer IVV. Quinoa flour was sourced from Quinoa Marche (Quinoa Italia), Italy. The flour was milled to a particle size of ≤250 µm using stone-grinding and sieving. The quinoa flour was then put through a wet fractionation process using a 1:8 flour-to-water ratio. Enzyme α-amylase (220,000–286,000 u/g, issue date 04/07/2017) was sourced from Kerry Food Ingredients (Cork) Limited and integrated into the extraction process to break down starch and improve protein isolation and purity. The α-amylase was added at 1 ml per kg of flour during protein extraction under optimised conditions for protein yield which were determined by pre-trials: initial activation of α-amylase at pH 6.0 and 55 °C for 60 min, followed by adjustment to pH 8.0 and continuous stirring for 30 min to solubilise the quinoa proteins. The mixture was centrifuged by means of a decanter to separate the high-protein supernatant from insoluble components, including starch and fibre, which formed a sediment. This was recovered and subsequently freeze-dried for one week, (Telstar LyoQuest, Barcelona, Spain) and ground by hand using a pestle and mortar to produce a side stream product. The decanter used was a 2-phase decanter, type CB 300, manufacturer = GEA Westfalia; separation conditions were as follows; revolution: 4400 rpm, difference speed: 5.5 rpm, weir height: 170 mm, back pressure: 3 bar, the centrifugation time was estimated as it depends on the volume throughput and is not set directly. The volume throughput was 1100 L·h −1 and the time for separation of the whole batch was 100 min. The supernatant was acidified to pH 4.5 to precipitate proteins, which were then recovered by separation. The separated proteins were then pasteurised at 70 °C and consequentially spray-dried to produce the final protein concentrate. Spray-dryer: APV Anhydro, Modell PSD 58. The nozzle is an internal mixing nozzle manufactured by Delavan (Delavan Spray LLC, 4334 Main Highway, Bamberg, South Carolina 29,003–8456, USA). The minimal gap is 0.64 mm. The inlet temperature was 180 °C and the outlet 80 °C. The supernatant after protein precipitation were poured in 1 L flasks and frozen at −20 °C without further neutralization/treatment. Protein solution remained stable (without further precipitation) before spray drying. The protein-yield of the QPC process was 20.60 g ·100 g −1 of starting material.

COMPOSITIONAL ANALYSIS:
Compositional analysis on QF, QPC and SS was performed externally by Chelab S.r.l. (Resana, Italy) using standardised methodologies. Moisture content was determined by a gravimetric method (AOAC Official Method 950.46 B, Moisture in Meat, AOAC International, 1991). Protein content was analysed using the Dumas method (AOAC Official Method 992.23, Crude Protein in Cereal Grains and Oilseed Products, 17th Ed., 2000) with a nitrogen-to-protein conversion factor of 6.25. Total starch was measured using the Megazyme kit K-RAPRS (Bray, Ireland). Fat content was quantified via the Soxhlet extraction method (AACC Method 30–25.01), the fatty acid composition was carried out using capillary gas chromatography according to method (ISO 16,958:2015); while ash content was assessed gravimetrically (AOAC 945.46). Individual minerals were determined on a method using ICP-OES based on AOAC 2011.14. Dietary fibre was determined using the Rapid Integrated Procedure of Enzymatic-Gravimetric-Liquid Chromatography (AOAC 2017.16). Sugar composition was measured by high-performance anion exchange chromatography with pulsed amperometric detection (HPAEC-PAD) according to ISO 22,184 I IDF 244:2021, and total carbohydrates were calculated by difference (AOAC 986.25). All results are reported on a fresh weight (fw) basis. Resistant, digestible, and total starch were determined using the Megazyme kit K-RAPRS (Megazyme, Bray, Ireland), following the manufacturer’s instructions and were reported as a percentage of sample dry weight.

PROTEIN CHARACTERISTICS:

AMINO ACID PROFILE:
Total amino acids were measured as described by Halm et al. (2025) .

PROTEIN PROFILE (SDS-PAGE):
For SDS-PAGE analysis, QF, QPC and SS were prepared as described by Gautheron et al. (2024) with slight modifications by suspending 2 % (w/v) protein in 15 mL of chaotropic buffer (5 M urea, 2 M thiourea, 2 % SDS, 0.001 M EDTA, 0.1 M Tris base, pH adjusted to 8.8 with 3 M HCl) for detergent-assisted denaturation and solubilisation of proteins. After transferring 1 mL aliquots to 2 mL screw-cap tubes, 17.5 µL β-mercaptoethanol (BME) was added under a fume hood, and samples were incubated with shaking at room temperature for 16 h. The resulting extracts were clarified by centrifugation at 14,680 rpm for 20 min. For SDS-PAGE, samples were mixed with NuPAGE™ LDS sample buffer (4X) and the NuPAGE™ Sample Reducing Agent (10X), heated at 70 °C for 10 min, and briefly centrifuged. Approximately 20 µL of each sample and the protein ladder (Precision Plus Protein™ Dual Xtra Pre-stained Protein Standard, 2–250 kDa) (BioRad, CA, USA)), was loaded onto NuPAGE™ 4–12 %, Bis-Tris, 1.0–1.5 mm mini protein gels assembled in a chamber containing NuPAGE™ MES SDS running buffer (20X) with 1 mL of NuPAGE™ Antioxidant per chamber. Electrophoresis was performed at 200 V for ∼35 min until the dye front reached the gel bottom. Gels were rinsed with water, fixed in 40 % methanol/10 % acetic acid for 30 min, stained with InstantBlue Coomassie Protein stain (Abcam, Cambridge, UK) for 20 min, and destained in water with frequent solution changes until background was clear. Gels were stored in distilled water at 4 °C until analysis.

PHYSICAL AND TECHNO-FUNCTIONAL CHARACTERISTICS:

COLOUR:
The sample colour was assessed using a handheld Minolta colorimeter (Chroma Meter CR-400/410, Konica Minolta, Tokyo, Japan) following the method of Jaeger et al. (2023) , with modifications. Powders were placed in flat glass petri dishes and levelled to create a uniform surface. Three readings were taken per dish, with each dish emptied, refilled, and measured in triplicate. Colour measurements were initially recorded in the CIE D65 colour system (XYZ values) and subsequently converted and reported in the Hunter Lab* colour space.

ULTRASTRUCTURE (SEM):
The ultrastructure of QF, QPC and SS was examined using scanning electron microscopy (SEM) following the protocol described by Atzler et al. (2021) . Samples were mounted on stubs (G 306; 10 mm × 10 mm diameter; Agar Scientific, Essex, UK) and secured with carbon adhesive tabs (G3357N; 9 mm; Agar Scientific). They were then sputter-coated with an 80/20 gold–palladium alloy using a Polaron E5150 sputter coater. Imaging was performed with a JEOL JSM-5510 scanning electron microscope (Jeol Ltd., Tokyo, Japan) at an accelerating voltage of 5 kV, a working distance of 20 mm, and magnifications of 50× and 1500×.

PARTICLE SIZE:
Particle size distribution was assessed according to Vogelsang-O’Dwyer et al. (2021) via laser diffraction analysis (Mastersizer 3000, Malvern Instruments Ltd., UK) with a measurable range of 0.01–3000 µm. Measurements were conducted using a dry dispersion method, with a particle refractive index of 1.45 and dispersant (air) refractive index set to 1.00. Methodology of Vogelsang-O’Dwyer et al. (2021) was modified for dry dispersion method. Results are expressed as volume-weighted mean diameter (D 4,3 ), and volume percentiles (Dv(10), Dv(50), Dv(90)).

4 PH AND TOTAL TITRATABLE ACIDITY (TTA):
The pH and total titratable acidity (TTA) were assessed following the procedure of Waters et al. (2013), with modifications as outlined by Neylon et al. (2023) . A 10 g sample was combined with 95 mL of distilled water and 5 mL of acetone, then thoroughly mixed to achieve a uniform dispersion. The pH was measured using a pH meter (Mettler Toledo, Columbus, OH, USA). Titration was carried out with 0.1 M NaOH until the pH reached 8.5. After a 3-minute equilibration period, the pH was checked and, if necessary, readjusted to 8.5. TTA is expressed as the volume (in millilitres) of 0.1 M NaOH required per 10 g sample to reach the endpoint.

PROTEIN SOLUBILITY:
Protein solubility was assessed across pH 3, 5, 7, and 9 using the method of Jaeger et al. (2023) . Dispersions containing 1 % (w/w) protein in distilled water were prepared, adjusted to the target pH using HCl or NaOH, and hydrated by shaking overnight at 4 °C. After verifying and readjusting the pH if necessary, 10 mL aliquots were collected from each triplicate sample prior to centrifugation to represent the whole sample. The remaining dispersions were centrifuged at 4000 rpm for 30 min. Protein content in the supernatants was quantified via the Kjeldahl method (nitrogen × 6.25). Solubility was calculated as the percentage of protein in the supernatant relative to the total protein in the whole aliquot.

FOAMING CAPACITY AND STABILITY:
The foaming capacity and stability was analysed using the method of Jaeger et al. (2023) . Suspensions with a concentration of 2 % (w/w) were prepared using distilled water. The pH was adjusted to pH 7 with HCl or NaOH (Sigma-Aldrich/ Fisher Scientific, St. Louis, MO, USA) and samples hydrated overnight at 4 °C. After room temperature adjustment, the sediment was redispersed, and the pH was readjusted. The initial height of the samples was recorded, and the samples were frothed using an Ultra-Turrax with a S10N-10 G dispersing element (IKA Labortechnik, Janke and Kunkel GmbH, Staufen, Germany) at maximum speed for 30 s. The foam phase height was recorded immediately and after one hour. The foaming capacity ( Formula (1) ) was calculated as the percentage of foam development immediately after mixing (0 min), while foam stability ( Formula (2) ) was determined as the percentage of foam development after one hour compared to immediately after foaming, using the following equations: (1) F o a m i n g c a p a c i t y ( % ) = ( F o a m h e i g h t i m m e d i a t e l y a f t e r f o a m i n g I n i t i a l s a m p l e h e i g h t ) · 100 (2) F o a m s t a b i l i t y ( % ) = ( F o a m h e i g h t a f t e r 1 h o u r F o a m h e i g h t i m m e d i a t e l y a f t e r f o a m i n g ) · 100

WATER- AND OIL-HOLDING CAPACITY:
Water-holding capacity (WHC) and oil-holding capacity (OHC) were assessed by placing 1 g of sample into a pre-weighed tube, then adding 6 g of either water (for WHC) or sunflower oil (for OHC) at native pH. The mixtures were vortexed for 3 min, allowed to stand at room temperature for 1 hour, and then centrifuged at 4000 rcf for 30 min at 20 °C. Following centrifugation, the supernatant was discarded, and the tubes were inverted onto a paper towel for 30 min to drain any excess liquid. The final weight of the tubes was recorded, and WHC/OHC ( Formula (3) ) values were calculated using the equation provided below. (3) W H C / O H C ( % ) = ( W e i g h t t u b e + p e l l e t − W e i g h t t u b e − W e i g h t s a m p l e W e i g h t s a m p l e ) · 100",elsevier_txt
10-1016_j-jcs-2022-103578_conclusion1,10-1016_j-jcs-2022-103578,conclusion,1,"The study demonstrated that the ultrasonic-assisted Maillard conjugates could be spray-dried after conjugation, as an alternative to the freeze-drying step. The conjugates obtained with the protein to polysaccharide ratio of 1:1 and 2:1 exhibited better conjugation and Schiff's base formation compared to the 1:2 with higher polysaccharide content. The conjugation degree, structural and functional changes concerning the solubility and water and oil holding capacity in both the spray-dried and freeze-dried samples were identical. There were negligible differences in most of the properties, except in the random coiling of protein structure and some structural changes, mainly due to the higher temperature required for drying. Further studies on the substrate ratio for conjugation and its optimization are required in the case of polysaccharides from red seaweeds, as a higher amount of polysaccharides can result in lower product recovery due to the stickiness of the powder to the spray-dryer walls or the blockage of nozzles of the spray dryer.

CREDIT AUTHORSHIP CONTRIBUTION STATEMENT:
Rishi Ravindra Naik: Conceptualization, Methodology, Investigation, Writing – original draft. Yong Wang: Writing – review & editing, Methodology, Visualization, Resources. Cordelia Selomulya: Supervision, Writing – review & editing, Project administration, Funding acquisition.

TABLES:

TABLE Table 1
Caption: Soluble protein concentration, degree of conjugation, and browning intensity of spray-dried and freeze-dried samples.
Samples | Soluble protein concentration (ug/ml) | Solubility (%) | Conjugation (%) | Absorbance at 294 nm (Initial stage of MR) | Browning at 420 nm (Advanced stage of MR)
---------------------------------------------------------------------------------------------------------------------------------------------------------------------------
Amaranth | 228 ± 0.231 a | 63.8 ± 0.78 a | – | 0.259 ± 0.028 j | 0.0455 ± 0.02 h
Seaweed polysaccharide | – | – | – | 0.567 ± 0.015 c | 0.192 ± 0.062 b
Spray dried samples | S1 | 153 ± 0.335 b | 42.7 ± 0.448 b | 36.1 ± 0.091 d | 0.621 ± 0.058 a | 0.195 ± 0.058 b
S2 | 62.8 ± 0.34 j | 17.6 ± 0.474 k | 13.3 ± 0.183 h | 0.421 ± 0.055 f | 0.0484 ± 0.043 gh
S3 | 69.0 ± 0.092 h | 19.3 ± 0.197 i | 48.3 ± 0.777 c | 0.126 ± 0.055 m | 0.014 ± 0.030 j
S4 | 149 ± 0.522 c | 41.7 ± 0.19 c | 22.4 ± 0.15 f | 0.586 ± 0.020 b | 0.177 ± 0.021 c
S5 | 40.5 ± 0.324 n | 11.3 ± 0.217 s | 13.1 ± 0.288 h | 0.424 ± 0.01 f | 0.0524 ± 0.018 g
S6 | 40.7 ± 0.143 n | 11.4 ± 0.79 r | 58.4 ± 0.122 a | 0.142 ± 0.030 kl | 0.0127 ± 0.015 j
S7 | 90.1 ± 0.522 f | 25.2 ± 0.381 f | 8.27 ± 0.067 i | 0.398 ± 0.017 g | 0.0946 ± 0.022 e
S8 | 56.7 ± 0.322 l | 15.9 ± 0.028 n | 6.96 ± 0.371 j | 0.43 ± 0.029 f | 0.0542 ± 0.095 g
S9 | 46.2 ± 0.319 m | 12.9 ± 0.016 p | 51.3 ± 0.143 b | 0.129 ± 0.033 lm | 0.013 ± 0.021 j
Freeze dried samples | F1 | 132 ± 0.577 d | 36.9 ± 0.647 d | 19.8 ± 0.032 g | 0.626 ± 0.020 a | 0.207 ± 0.030 a
F2 | 40.9 ± 0.4 n | 11.4 ± 0.271 q | 35.6 ± 0.33 d | 0.361 ± 0.058 h | 0.034 ± 0.057 i
F3 | 59.6 ± 0.375 k | 16.7 ± 0.194 l | 50.9 ± 0.202 b | 0.137 ± 0.079 km | 0.0111 ± 0.005 j
F4 | 77.9 ± 0.351 g | 21.8 ± 0.142 g | 22.5 ± 0.152 f | 0.512 ± 0.041 d | 0.149 ± 0.032 d
F5 | 46.8 ± 0.396 m | 13.1 ± 0.3.41 o | 20.6 ± 0.104 g | 0.453 ± 0.071 e | 0.0628 ± 0.015 f
F6 | 58.5 ± 0.306 k | 16.3 ± 0.366 m | 50.7 ± 0.199 b | 0.144 ± 0.031 k | 0.0133 ± 0.003 j
F7 | 126 ± 0.107 e | 35.1 ± 014 e | 32.2 ± 0.103 e | 0.336 ± 0.022 i | 0.0652 ± 0.004 f
F8 | 66.8 ± 0.292 i | 18.7 ± 0.295 j | 6.2 ± 0.459 j | 0.393 ± 0.010 g | 0.0445 ± 0.086 h
F9 | 69.6 ± 0.21 h | 19.5 ± 0.514 h | 47.4 ± 0.202 c | 0.133 ± 0.010 km | 0.0116 ± 0.003 j",elsevier_txt
10-1016_j-ifset-2025-104379_results_discussion2,10-1016_j-ifset-2025-104379,results_discussion,2,"VOLATILE COMPOUND PROFILE:
The volatile compounds identified by GC–MS in untreated and CP-treated PPC are summarized in Table 4 . A total of 19 volatile compounds were detected from untreated PPC, comprising 7 alcohols, 10 aldehydes, 1 ketone, and 1 furan. In contrast, CP-treated samples showed a greater diversity of volatile compounds, with air plasma-treated PPC displaying the highest number of identified volatiles at 31, followed by nitrogen and helium plasma treatments, which produced 25 and 21 volatiles, respectively. Additionally, there was a significant increase in the total peak area of volatile compounds in cold-plasma-treated PPC samples compared to untreated ones, except for those treated with helium plasma at a flow rate of 8 L/min. The most notable increase, about 19 times, was seen in PPC treated with air plasma at 8 L/min, followed by air plasma treatment at 4 L/min, which showed an average increase of around 15 times. Among the nitrogen plasma-treated PPC samples, the treatment at 4 L/min led to a significantly higher increase in the peak area than the treatment at 8 L/min, placing them just after the air plasma treatments in overall volatile compound rise. The principal component analysis (PCA) further confirmed the observation of distinct volatile flavor profiles among untreated and treated CP PPC fed by various gases ( Fig. 3 ). In the PCA analysis, the first and second principal components accounted for 74 % of the variance, and the PCA plot clearly showed that the untreated PPC and the CP-treated samples formed distinct clusters, suggesting significant differences in their flavor profiles. Notably, the air-CP-treated samples were positioned far from both the untreated and other treated groups, highlighting their unique volatile compound compositions.
Flavor compounds can interact with legume proteins through both reversible and irreversible interactions. Reversible interactions, such as hydrophobic interactions, van der Waals forces, ionic interactions, and hydrogen bonding, occur between flavor compounds and protein structures and are weaker than irreversible covalent bonds ( Saffarionpour, 2024 ; Tromelin, Andriot, & Guichard, 2006 ). Therefore, the nature of the protein structure and the type of flavor compounds (aldehyde, alcohol, ketone, ester) play an important role in the binding process ( Bi et al., 2022 ; Tromelin et al., 2006 ). Xu et al. (2024) demonstrated that heat-induced unfolding of soy protein isolate significantly increased the release of most off-flavor compounds. A similar trend was observed in the present study, where CP-treated proteins exhibited a greater diversity and intensity of volatile compounds compared to untreated samples. This observation is further supported by the GC–MS methodology employed, which analyzed dried protein powders without additional extraction steps. In contrast, other studies ( Liu, Cadwallader, & Drake, 2023 ; Xiang et al., 2023 ) employed headspace solid-phase microextraction (HS-SPME) on aqueous pea protein solutions and reported a broader range of volatiles in untreated samples. Interestingly, many of these compounds were only detected in the CP-treated samples in the present study, suggesting that protein structural modifications, such as protein unfolding, enhanced the release of these volatiles.
Moreover, a significant increase in the peak areas of most volatile compounds, particularly aldehydes, followed by alcohols, suggested that ROS and RNS generated under different plasma conditions facilitated various chemical reactions, including enzymatic and non-enzymatic lipid oxidation. These reactions have been widely reported in the context of processing-induced volatile profile changes in plant proteins ( Li, Chen, Liu, & Chen, 2008 ; Xu et al., 2024 ). Among the volatile compounds from alcohol, aldehyde, and furan, 1-penten-3-ol, 1-pentanol, 1-hexanol, 1-octen-3-ol, hexanal, nonanal, (E)-2-hexenal, and 2-pentylfuran are known as degradative oxidation products of polyunsaturated fatty acids in plant proteins ( Samoto, Miyazaki, Kanamori, AkAsAKA, & KAwAMURA, Y., 1998 ; Wang et al., 2020 ). The significantly higher intensity of these compounds observed in air plasma-treated PPC samples further supports the occurrence of lipid oxidation reactions, due to the higher concentration of ROS and the greater oxidative potential associated with oxygen-rich environments. Furthermore, air CP treatment generated small amounts of various Ketones in treated samples. Among these, 2-heptanone, having a fruity, spicy, cinnamon, banana, and slightly spicy odor ( Burdock, 2016 ), was also detected in samples treated with helium and nitrogen-fed CP. These carbonyl compounds are formed through lipoxygenase-mediated breakdown of hydroperoxides derived from unsaturated fatty acids ( Ma, Boye, Azarnia, & Simpson, 2016 ; Wang et al., 2020 ), and their distinctive characteristics can affect the final flavor of treated samples ( Ma et al., 2016 ). Since CP technology has not yet received approval for use in food processing from the federal food inspection agency, conducting sensory evaluations on the samples treated by CP has been restricted. Therefore, it is recommended that future studies incorporate direct human sensory assessments to evaluate the flavor characteristics of the CP-treated pea protein.",elsevier_txt
10-1016_j-ijbiomac-2024-137421_methods2,10-1016_j-ijbiomac-2024-137421,methods,2,"IN VITRO PROTEIN DIGESTIBILITY:
The protein digestibility was determined as described by Hsu et al. [ 29 ] with slight modifications. A 30 mL sample solution (6.25 mg protein/ mL) was prepared, and the pH was adjusted to 8.00 (± 0.02) with 1 N HCl and/or NaOH. The suspension was then shaken in a 37 °C water bath, and the pH was checked every 10 min until it stabilized. Simultaneously, the multienzyme solution was prepared with 1.6 mg trypsin, 3.1 mg α-chymotrypsin and 1.3 mg protease per 1 mL of distilled water. The pH of the enzyme solution was also adjusted and maintained to 8.00 (± 0.02) with 1 N HCl and/or NaOH. Subsequently, 3 mL of the enzyme solution was mixed with the sample solution at 37 °C and shaken for 10 min. Following the reaction, the pH immediately decreased, and the pH drop was recorded. The digestibility calculation was conducted following the equation described by Tinus et al. [ 30 ]: (3) Protein digestibility % = 65.66 + 18.10 × ∆ pH 10 min where ΔpH 10min was the change of pH in 10 min from the initial pH 8.0.

SURFACE HYDROPHOBICITY:
Surface hydrophobicity (H 0 ) was determined using sodium dodecyl sulfate (SDS) binding method according to Tang et al. [ 31 ]. A 10 mg protein sample was dispersed in 40 mL of 0.1 mmol/L SDS buffer and shaken for 1 h The suspension was then dialysis using a SnakeSkin™ dialysis tubing (35 mm dry I.D.) with MW cut-off of 3.5 kDa (Thermo scientific, Rockford, IL, USA) in distilled water for 48 h. After dialysis, the solution was collected, and the volume was recorded. Subsequently, 25 mL of chloroform and 5 mL of methylene blue (24 mg/L) were added to 10 mL of the dialyzed solution and shaken for 5 min. The mixture was then centrifuged for 15 min at 2500 g , and the lower layer solution was determined using a double beam spectrometer (VWR UV-6300PC, Radnor, PA, USA) at 655 nm. SDS solutions with different concentrations were prepared to establish a standard curve. The surface hydrophobicity was quantified by the amount of SDS bound to the protein.

FREE AND TOTAL SULFHYDRYL CONTENT:
The free and total sulfhydryl contents were determined following the method of Beveridge et al. [ 32 ]. A 75 mg sample was dispersed in 10 mL of Tris-Gly-Urea buffer (containing 0.086 mol/ L Tris, 0.09 mol/ L glycine, 0.004 mol/ L EDTA, and 8 mol/ L urea) and shaken overnight. For free sulfhydryl content determination, 1 mL of the sample solution above was mixed with 4 mL of Tris-Gly buffer (containing 0.086 mol/ L Tris, 0.09 mol/ L glycine, and 0.004 mol/ L EDTA) and 0.05 mL of Ellman's reagent (5,5′-dithio-bis-2-nitrobenzoic acid in Tris-Gly buffer, 4 mg/mL). The mixture was then shaken (300 rpm) in the dark for 15 min and centrifuged for 8 min at 8000 g . The supernatant was measured at 412 nm using a UV spectrometer. Meanwhile, the Tris-Gly buffer containing Ellan's reagent was used as reagent blank, and the sample solution containing only Tris-Gly buffer was used as sample blank. The final absorbance was calculated against reagent blank and sample blank.
For total sulfhydryl content determination, 1 mL of sample solution (in Tris-Gly-Urea buffer) was mixed with 4 mL of Tris-Gly buffer and 0.05 mL of β-mercaptoethanol. The mixture was shaken for 1 h and then added 10 mL of 12 % w / v trichloroacetic acid (TCA). After another hour of shaking, the mixture was centrifuged for 10 min at 8000 g at 4 °C to remove the supernatant. The precipitate was washed with 5 mL of 12 % w/v TCA twice to get the final solid. Then, 10 mL of Tris-Gly buffer was added to the precipitate and vortexed to obtain a suspension. Next, 0.04 mL of Ellan's reagent was added into 4 mL of the suspension above, shaken in the dark for 15 min, and centrifuged for 15 min at 8000 g . The final absorbance was analyzed and calculated similarly to the free sulfhydryl content determination process at 412 nm. The equation used for calculating was as follows: (4) SH content μM SH / g = 73.53 × A 412 × D C (5) Disulfide bonds content μM / g = Total SH content − Free SH content / 2 where A 412 was the final absorbance at 412 nm; D was the dilution factor (5 was used in free sulfhydryl content determination and 10 was used in total sulfhydryl content determination); C was the sample concentration (mg/ mL); 73.53 was derived from 10 6 /(1.36 × 10 4 ) where 1.36 × 10 4 was the molar absorptivity of Ellman’ reagent and 10 6 was for conversions from the molar basis to the μM/mL basis and from mg sample to g sample.

WATER AND OIL HOLDING CAPACITY:
The water and oil holding capacity of the samples was determined based on the method reported by Espinosa-Ramírez & Serna-Saldívar [ 9 ] with some modifications. For water holding capacity, a 0.25 g sample (W 0 ) was mixed with 7.5 mL of distilled water in a 15 mL centrifuge tube (W 2 ), and the resulting mixture was shaken at 300 rpm for 30 min. Subsequently, the mixture was centrifuged at 4500 g for 15 min to remove the supernatant. The test tube was then inverted for 5 min to drain the water residues, and the final weight was recorded (W 1 ). The water holding capacity was calculated as follow: (6) WHC g water / g protein = W 1 − W 2 − W 0 W 0
For oil holding capacity, the procedure was similar with method of water holding capacity. A 0.25 g sample (O 0 ) was mixed with 7.5 mL of soybean oil in a 15 mL centrifuge tube (O 2 ). The mixture was then shaken, centrifuged, and inverted to drain the oil and the final precipitate was weighted (O 1 ). The oil holding capacity was calculated as follow: (7) OHC g oil / g protein = O 1 − O 2 − O 0 O 0

STATISTICAL ANALYSIS:
All the experiments were conducted in duplicate at minimum, and the data were presented as mean ± standard deviation (SD). Data were analyzed using IBM SPSS Statistics software (version 27.0.1., Armonk, NY, USA). One-way analysis of variance (ANOVA) and means were compared using Tukey's test for multiple comparisons. Significant differences were considered when P < 0.05.",elsevier_txt
10-1016_j-foodchem-2024-138671_results_discussion3,10-1016_j-foodchem-2024-138671,results_discussion,3,"THERMOGRAVIMETRIC ANALYSIS (TGA):
The thermogravimetric analysis was conducted on the NCP, SCP, and SU3 is shown in Fig. 4 B. The samples were subjected to a heating rate of 10℃/min from 25 to 600℃ in a nitrogen atmosphere. The TGA curve of the NCP sample exhibited four weight loss phases. The first phase was reported at 30 to 100℃. At this phase, 42.678 % weight loss occurred due to the evaporation of moisture and volatile compounds present in the sample. The second phase which was reported for 24.86 % of weight loss of native chickpea protein occurred within 200 to 300℃. This phase indicates the initial degradation of protein in which protein structure is broken down and causes a loss in a secondary, tertiary, and quaternary structure. This unfolding in protein structure leads to a change in protein mass and causes weight loss. Additionally due to the breakdown of protein structure volatile gases such as ammonia, result in weight loss. The Third weight loss of 17.26 % was reported at 400 to 450℃. At this stage protein continues to degrade, at this temperature range, the protein polypeptide chains may break down into smaller fragments. This breakdown releases the volatile compounds leading to weight loss in the protein. The fourth weight loss of 12.21 % was reported at 500 to 600℃. At this stage, complete denaturation of protein occurs. Furthermore, in this phase, the remaining organic material may undergo combustion causing weight loss in the protein sample. Our results are comparable with the study of ( Akhtar et al., 2018 ).
Moreover, SCP exhibited a first weight loss of 46.75 % between 29.38 and 100℃. The second weight loss of 16.084 % was observed at 200 to 300℃. The third weight loss of 10.21 % occurred between 350 and 450℃. The fourth weight loss was found at 500 to 600℃ of 19.54 %. Our findings are similar to the study conducted by ( He et al., 2019 ) where they performed succinylation modification on rapeseed protein isolate and observed three distinct weight loss phases during thermal analysis. The first weight loss phase occurred from 0 to 200℃, the second phase of weight loss occurred within the temperature range of 300 to 500℃ and the third weight loss phase occurred between 500 and 700℃.
Similarly, in SU3, the first weight loss of 42.38 % occurred at 30 to 100℃. The second weight loss of 18.75 % was exhibited at 250 to 350℃. The third weight loss of 14.30 % occurred between 400 and 500℃. The third weight loss was found at 550 to 600℃ of 18.96 %.

FOURIER TRANSFORM INFRARED SPECTROSCOPY (FTIR):
The functional groups of NCP, SCP, and SU3 were investigated using an FTIR. Fig. 4 C depicts NCP's specific molecular vibrations at 531.03 cm − 1, indicating atomic collective motion, tied to amino acid composition, conformation, and interactions. The peak at 1067.76 cm − 1, signifies bending vibrations in C C or C N bonds, suggesting their presence in molecular structure. At 1400.96 cm − 1, carbonyl or amide III bands reveal stretching/bending vibrations of C O bonds in peptides/carbonyl groups. 1546.89 cm − 1 peak represents amide II bands' N H and C N bond vibrations. At 1641.29 cm − 1, amide I band' C O bond stretching vibrations reveals the protein backbone's secondary structure insight. Finally, a 3270.79 cm − 1 peak signifies O H bond stretching vibrations from hydroxyl groups. Our work aligns with ( Akhtar et al., 2018 ) investigation, identifying spectral peaks at 3450 cm −1 , 1658 cm −1 , 1228 cm −1 , and 925 cm −1 .
Additionally, SCP resulted in the appearance of a new peak. At 637.31 cm −1 , this corresponds to C H bending vibrations, which can arise from amino acid side chains or secondary structural elements within proteins. However, the wavenumber at 922.74 cm −1 , indicates the presence of C O stretching vibrations, possibly indicating the existence of peptide bonds or other oxygen-containing functional groups within the protein. At 1307.61 cm −1 , the peak might correspond to C H bending vibrations or C N stretching vibrations, depending on the specific molecular context. The wavenumber at 2927.76 cm −1 , suggests C H stretching vibrations in aliphatic side chains of amino acids, which commonly contain C H bonds. The emergence of new peaks in succinylated chickpea protein can be attributed to the introduction of succinic acid moieties through the succinylation process. This chemical modification leads to changes in the protein's molecular structure, potentially creating additional functional groups or altering existing ones ( Das et al., 2022 ).
The FTIR spectrum of SU3 exhibited similar peaks to SCP, with noticeable frequency shifts. These shifts can arise from mechanical agitation and cavitation generated during ultrasonication, inducing alterations in molecular interactions and bonding within the protein structure ( Cao et al., 2021 ).

DIFFERENTIAL SCANNING CALORIMETER (DSC):
The thermal properties of native and modified chickpea protein were investigated using a DSC which includes enthalpy change, denaturation temperature, and phase transitions. As shown in Fig. 4 D, the glass transition temperature (Tg) was observed at 78.52℃. At this temperature physical state of the chickpea protein powder changes from a solid to a rubbery state, as intermolecular bonds weaken. This temperature allows protein molecules greater flexibility and disorder, impacting their overall properties and behavior ( Das et al., 2022 ). The endothermic curve exhibited a peak temperature of 350℃ with a fusion enthalpy (ΔH) of −301.90 J/g for the chickpea protein. This peak signifies the protein's melting and denaturation, resulting in the loss of its native conformation and the adoption of a less ordered structure. The negative ΔH value of 301.90 J/g underscores the energy required to disrupt the intermolecular forces maintaining the protein's structural integrity (He et al.,2019). The onset temperature, observed at 270.61℃, marks the initiation of thermal events attributed to the breakdown of weak interactions such as hydrogen bonds or hydrophobic interactions. This can induce conformational changes and disrupt the native structure ( Zhang et al., 2023 ). The end set temperature at 350.66℃ indicates potential complete denaturation and unfolding of the protein structure. Our findings align with a study by ( Kaur & Singh, 2007 ).
Furthermore, SCP exhibits a lower Tg of 60.56℃ compared to NCP, indicating a succinylation disruptive effect on protein structure and thermal stability. Additionally, SCP displays a decreased endothermic peak temperature (154.66℃) compared to NCP, signifying reduced thermal stability and structural changes at lower temperatures. SCP's ΔH value (92.54 J/g) is lower than NCP, indicating reduced enthalpy change during thermal denaturation. The onset (138.61℃) and end set (154.66℃) temperatures of SCP are lower than NCP, indicating SCP's sensitivity to lower temperatures. Overall, succinylation diminishes chickpea protein's thermal stability compared to NCP due to succinic anhydride's introduction of negative charges, altering charge distribution, and inducing conformational and stability changes. Succinylation-induced crosslinking among protein molecules can exacerbate structural disruptions (Grossmann & McClements, 2023).
When comparing SU3 to SCP, SU3 displayed higher Tg (94.62℃), signifying superior thermal stability. SU3 displays a larger endothermic peak at 289.22℃, alongside greater negative peak height (-3.7721 mW) and area (-582.47 mJ), indicating increased energy requirement for thermal events. This suggests a more ordered protein structure in SU3. It may potentially involve novel intermolecular bonds such as hydrogen or disulfide bonds, for stabilization. Ultrasonication further facilitates smaller protein particle sizes and enhanced surface area, boosting heat transfer efficiency while minimizing overheating and denaturation ( Zhang et al., 2023 ).

SCANNING ELECTRON MICROSCOPE (SEM):
The surface morphology of NCP, SCP, and SU3 was examined using SEM. NCP displayed a smooth spherical structure at 500x and 1000x magnification in Fig. 4 E. At the same magnifications, SCP exhibited irregular flakes with a rough surface and minor cracks due to spray drying ( Fig. 4 E) at 2500x and 500x. The technique significantly affected protein shape. Similarly, SU3 showed distinct surface irregularities from ultrasonication ( Fig. 4 E) at 18000x and 30000x, evidencing mechanical effects. A dual-treatment study of Fuqua et al., (2012) suggested such approaches cause protein fragmentation and micro fractures. The incorporation of negatively charged succinyl groups in SCP enhanced electrostatic repulsion and structural flexibility. Ultrasonication induced mechanical and cavitation effects, modifying secondary and tertiary structures, ultimately increasing disorder. In summary, the dual treatment of ultrasonication and succinylation altered the protein structure, and these changes correlated with observed functional properties ( Cao et al., 2021 ).

PARTICLE SIZE AND ZETA POTENTIAL:
Zeta potential and particle size of NCP, SCP, SU1, SU2, and SU3 were examined (as shown in Fig. S1 ). The SCP displayed a significant rise ( p ≤ 0.05) in zeta potential, from −14.2 ± 0.40 to −16.79 ± 0.64 mV, attributed to incorporated negative acyl groups, intensifying overall negative charges on the protein. Succinylation, converting the positive charge of lysine residues to negative, further contributed to enhanced negativity ( Mahajan et al., 2021 ). Similar observations were reported by Wang et al., (2020) who observed increased zeta potential values for succinylated Antarctic protein. Furthermore, intense ultrasonication (SU3) significantly enhanced ( p ≤ 0.05) zeta potential charge to –22.8 ± 1.09 mV, attributed to greater exposure of negative groups during ultrasonication, increasing negative charges on the protein surface. Additionally exposure of negatively charged functional groups, like carboxyl groups of glutamic and aspartic acid, through mechanical shearing and turbulence ( Kang et al., 2022 ). The observed increase in zeta potential, resulting from ultrasonication, signifies improved colloidal stability by disrupting protein aggregates and enhancing dispersion ( Mahbubul et al., 2014 ). This enhances electrostatic repulsion between particles, crucial for stability in suspensions or emulsions. The altered zeta potential is relevant in pharmaceuticals and biomedicine, offering advantages in drug delivery through controlled-release nanoparticles ( Yang et al., 2018 ). Additionally, it opens avenues for surface modification, enabling tailored protein properties across industries. This has implications for improving product stability in the biomedical and food sectors, as well as applications in environmental processes like water treatment ( Lau et al., 2020 ).
The SCP had a significant ( p ≤ 0.05) size reduction of 23.92 % compared to the NCP. This decrease results from altered surface charge as succinyl groups introduced more negative charges, promoting electrostatic repulsion, diminishing aggregation, and reducing particle size (Ausilio et al., 2022). Comparable findings were reported by Wang et al., (2020) for succinylated Antarctic protein. Moreover, the SU3 size was significantly reduced by 82.57 % compared to SCP. Particle size reduction is attributed to cavitation bubble formation and collapse during ultrasonication, creating turbulence and shear forces that break protein fragments into smaller particles. Ultrasonic cavitation also disrupts van der Waals forces, leading to the disintegration of protein aggregates into smaller particles ( Zhang et al., 2023 ). The reduction in particle size through ultrasonication significantly impacts the protein's behaviour and applications ( Gharibzahedi & Smith, 2020 ). This process increases surface area, improving solubility and bioavailability, crucial for pharmaceutical and food applications. Smaller particles enhance stability, reducing aggregation and sedimentation for extended shelf life ( Khadka et al., 2014 ). The heightened reactivity of functional groups on smaller particles opens doors for applications in catalysis and as carriers for bioactive compounds. Additionally, the potential to achieve nanoscale particles expands possibilities in nanotechnology, with implications for drug delivery, imaging, and diagnostics ( Falsafi et al., 2022 ).

APPLICATION:",elsevier_txt
10-1016_S0308-8146(02)00555-1_intro1,10-1016_S0308-8146(02)00555-1,intro,1,"Plant proteins play significant roles in human nutrition, particularly in developing countries where average protein intake is less than that required. Because of inadequate supplies of food proteins, there has been a constant search for unconventional legumes, as new protein sources, for use as both functional food ingredients and nutritional supplements ( Onweluzo, Obanu, & Onuoha, 1994 ). Plant protein products are gaining increased interest as ingredients in food systems throughout many parts of the world; the final success of utilizing plant proteins as additives depends greatly upon the favourable characteristics that they impart to foods. Therefore, the interrelationships of protein quality and processing parameters, that affect the functional performance of protein products, is worthy of an extensive investigation ( Jane, Rivas, & John, 1981 ). For plant proteins to be useful and successful in food application, they should ideally possess several desirable characteristics, referred to as functional properties, as well as providing essential amino acids ( Wang & Kinsella, 1976 ). These properties are intrinsic physicochemical characteristics, which affect the behaviour of proteins in food systems during processing, manufacturing, storage and preparation ( Kinsella, 1979 ). Proteins have unique surface properties due to their large molecular size and their amphiphilic properties. However, the industrial applications of food proteins are limited, because proteins are generally unstable to heating, organic solvents and proteolytic attack ( Sakamoto, Kumazawa, & Motoki, 1994 ). Therefore, if proteins could be converted into stable forms, their applications would be greatly broadened. Attempts have been carried out to modify plants proteins to improve their physical functionality, i.e. gelation, viscosity, emulsification and foaming ( Sakamoto et al., 1994 ). Several molecular parameters, such as mass, conformation, flexibility, net charge and hydrophobicity, as well as interaction with other food components, have already been shown to play an important part, in both their emulsifying and foaming properties ( Nakai & Voutsinas, 1983 ). However, most chemical modifications are not applicable to the food industry. Therefore, in this study, we investigate the effects of pH and salt concentration on solubility and functional properties of sesame (Kenana 1) protein isolate and predict its compatibility, prior to modification, in different food systems.",elsevier_txt
10-1016_j-foostr-2023-100340_conclusion1,10-1016_j-foostr-2023-100340,conclusion,1,"The effect of pea-soluble proteins on the gelation properties of pea protein isolates was studied. Pea-soluble protein extracts obtained by wet extraction from materials with native proteins, like from air-classified pea protein concentrates, resulted in ingredients with higher gelation capacity compared to powdered protein isolates. Overall, protein extraction at concentrations between 5% and 10% w/w and mildly alkaline pH appears to be the most efficient way to produce pea-soluble protein fractions with high protein yield (> 67%). Adding 17% (db) of pea-soluble proteins to PPI heat-induced gels increased gel elasticity. Moreover, adding 5% (db) of pea-soluble proteins directly as wet feed in HME resulted in PPI extrudates with reduced brittleness. The enhancing effect was more pronounced in presumably less purified protein isolates. We highlight that protein isolate purification can be reduced when combined with less refined ingredients, like the water-soluble protein fraction of air-classified pea concentrates presented in this research.
Moreover, we propose an innovative method to get a fingerprint of protein ingredients by temperature sweeps that could be relevant for analyzing incoming, alternative, or blends of protein raw materials.

FUNDING:
This research was supported by the Innosuisse project number 51440.1 IP-LS.

TABLES:

TABLE Table 1
Caption: Physical (pH and protein solubility) and thermal properties (peak temperatures (T peak ) and reaction enthalpy (ΔH)) of the protein ingredients.
Sample | pH (-) | Protein solubility (%) | T peak1 (°C) | ΔH 1 (J/g DM) | T peak2 (°C) | ΔH 2 (J/g DM)
------------------------------------------------------------------------------------------------------
PPC | 6.4 | 93.8 / 97.4 | 57.7 / 57.6 | 0.1 / 0.1 | 76.6 / 77.0 | 3.0 / 1.7
PPI 1 | 7.4 | 48.2 / 38.5 | ND / ND | 0 / 0 | ND / ND | 0 / 0
PPI 2 | 7.2 | 39.3 / 35.5 | ND / ND | 0 / 0 | ND / ND | 0 / 0

TABLE Table 2
Caption: Gelation properties in rotational rheology of PPC at 15% w/w and PPI at 10% w/w. Δµ app heating : viscosity shift at heating; Δµ app cooling : viscosity shift at cooling; Δµ app total : total viscosity shift.
Sample | Protein content (%) (db Nx5.7) * | µ app initial (mPa s) | µ app final (mPa s) | T onset s (°C) | T onset p (°C) | Δµ app heating (mPa s) | Δµ app cooling (mPa s) | Δµ app total (mPa s)
--------------------------------------------------------------------------------------------------------------------------------------------------------------------------------------------------
PPC | 6.0 | 18.7 ± 0.6 | 852.9 ± 40.3 | 60.2 ± 1.0 | 71.5 ± 0.6 | 258 ± 14 | 653 ± 36 | 834 ± 40
PPI 1 | 7.0 | 182.7 ± 5.5 | 62.2 ± 0.7 | ND | ND | -157 ± 6 | 33 ± 1 | -120 ± 5
PPI 2 | 6.8 | 67.6 ± 3.3 | 48.9 ± 2.3 | ND | ND | -37 ± 3 | 23 ± 1 | -19 ± 2

TABLE Table 3
Caption: Wet extraction results at lab scale of 5% w/w PPC dispersion at given and alkaline pH solubilization treatments (2 h solubilization time). The dry matter yield (%) is the dry matter (g) in the supernatant with respect to dry matter (g) in the initial dispersion. The protein yield (%) is the amount of protein in the soluble protein fraction (g) (SPF) with respect to protein content in the initial dispersion.
Treatment | Initial DM (%) | Initial protein content (% db) | DM in SPF (%) | Protein content in SPF (%) (db Nx5.7) | Dry matter yield (%) | Protein yield (%) | SPF/IF (-)
---------------------------------------------------------------------------------------------------------------------------------------------------------------------------
Given (pH = 6.4) | 5.1 / 5.2 | 39.7 / 40.8 | 2.6 / 2.6 | 36.1 / 35.6 | 46.2 / 45.8 | 42.0 / 40.0 | 13.1 / 13.3
Alkaline (pH = 9.5) | 4.5 / 4.3 | 55.5 / 53.3 | 3.3 / 3.1 | 56.0 / 52.5 | 68.2 / 67.6 | 68.8 / 66.5 | 13.0 / 13.1

TABLE Table 4
Caption: Wet extraction results of PPC at different concentrations and treatments. The dry matter yield (%) is the dry matter (g) in the supernatant with respect to dry matter (g) in the initial dispersion. The protein yield (%) is the amount of protein in the soluble protein fraction (g) (SPF) with respect to protein content in the initial dispersion (g). Treatment A = pH 9.5 | 4 h | Lab scale. Treatment B = pH 9.5 | 7 h | Lab scale. Treatment C = pH 9.5 | 2 h | Pilot scale.
Concentration | Treatment | Initial DM (%) | Initial protein content (% db) | DM in SPF (%) | Protein content in SPF (%) (db Nx5.7) | Dry matter yield (%) | Protein yield (%) | SPF/IF (-)
-------------------------------------------------------------------------------------------------------------------------------------------------------------------------------------------
5% w/w | A | 4.5 | NA | 3.2 | 49.2 | 65.8 | NA | 15.5
10% w/w | A | 8.8 | NA | 6.5 | 47.2 | 64.4 | NA | 7.1
15% w/w | A | 13.4 | NA | 10.2 | 37.8 | 62.0 | NA | 4.3
20% w/w | A | 18.0 | NA | 14.2 | 38.5 | 58.0 | NA | 2.8
5% w/w | B | 4.3 / 4.3 | 48.0 / 48.2 | 3.1 / 3.0 | 52.0 / 53.6 | 66.9 | 73.4 | 15.1
10% w/w | B | 8.8 / 8.8 | 57.3 / 55.9 | 6.7 / 6.8 | 64.3 / 65.3 | 67.7 | 77.5 | 7.6
15% w/w | B | 13.5 / 13.4 | 52.4 / 53.1 | 10.5 / 10.3 | 27.7 / 29.1 | 62.4 | 33.6 | 4.2
20% w/w | B | 17.8 / 17.7 | 47.4 / 49.0 | 14.2 / 14.0 | 35.5 / 35.9 | 56.9 | 42.2 | 2.5
5% w/w | C | 4.9 / 4.8 | 59.4 ± 1.6 | 3.7 / 3.6 | 61.4 ± 1.8 | 65.0 | 67.2 | 5.9

TABLE Table 5
Caption: Gelation properties of the soluble protein extracts (SPFs) at different protein concentrations. Treatment A = pH 9.5 | 4 h | Lab scale. Δµ app heating : viscosity shift at heating; Δµ app cooling : viscosity shift at cooling; Δµ app total : total viscosity shift.
Concentration |Treatment | Protein content (%) (wb Nx5.7) | µ app initial (mPa s) | µ app final (mPa s) | T onset s (°C) | T onset p (°C) | Δµ app total (mPa s) | Aspect after heat treatment
----------------------------------------------------------------------------------------------------------------------------------------------------------------------------------------------
5% w/w | A | 1.6 | 14.0 | 20.3 | - | 83.2 | 6 | liquid
10% w/w | A | 3.1 | 11.9 | 15.8 | - | 95 | 4 | liquid
15% w/w | A | 3.9 | 16.9 | 51.9 | - | 74.2 | 35 | liquid
20% w/w | A | 5.5 | 27.3 | 646.5 | 60.2 | 75.2 | 619 | solid

TABLE Table 6
Caption: Elastic modulus (G’), loss factor (tanδ), and yield strain in the linear viscoelastic region (LVER) of gels with PPI only (PPI) and with 17% of the dry matter from the soluble protein fraction (PPI: SPF). All gels contained 16% DM.
Gel | Protein content (%) (db Nx5.7) * | G’ (Pa) | Yield strain (%) | tanδ (-) | Aspect
---------------------------------------------------------------------------------------
PPI 1 | 12.0 | 107.5 ± 23.2 | 2.8 ± 0.1 | 0.34 ± 0.01 | Gel
PPI 1: SPF | 10.1 | 40.2 ± 5.1 | 7.7 ± 0.3 | 0.49 ± 0.02 | Viscous liquid
PPI 2 | 11.6 | 36.0 ± 2.0 | 2.9 ± 0.3 | 0.46 ± 0.00 | Viscous liquid
PPI 2: SPF | 9.6 | 55.0 ± 3.5 | 4.0 ± 0.2 | 0.40 ± 0.01 | Liquid

TABLE Table 7
Caption: Physical and rheological properties extrudates with PPI only (PPI) and with 5% of the dry matter from the soluble protein fraction (PPI: SPF) incorporated as wet feed in high moisture extrusion.
Extrudate | DM (%) | Protein content (%) (db Nx5.7) * | G’ (Pa) | Yield strain (%) | tanδ (-)
---------------------------------------------------------------------------------------------
PPI 1 | 42.5 / 42.2 | 29.6 | 8283 / 7085 | 2.0 / 1.8 | 0.20 / 0.21
PPI 1: SPF | 42.7 / 41.8 | 29.3 | 8007 / 8213 | 2.1 / 3.9 | 0.20 / 0.20
PPI 2 | 42.4 | 28.7 | 8081 / 10279 | 2.9 / 4.8 | 0.20 / 0.19
PPI 2: SPF | 43.0 | 27.8 | 10518 / 11486 | 8.5 / 9.9 | 0.21 / 0.21

TABLE Table 8
Caption: Texture profile analysis (TPA) of extrudates with PPI only (PPI) and with 5% of the dry matter from the soluble protein fraction (PPI: SPF) incorporated as wet feed in high moisture extrusion.
Extrudate | Hardness (N) | Resilence (%) | Cohesiveness (%) | Springiness (%) | Gumminess (-) | Chewiness (-)
-------------------------------------------------------------------------------------------------------------
PPI 1 | 270 ± 89 | 44 ± 2 | 82 ± 2 | 83 ± 12 | 22033 ± 7148 | 18917 ± 7016
PPI 1: SPF | 269 ± 88 | 41 ± 1 | 81 ± 1 | 91 ± 5 | 21608 ± 7214 | 19953 ± 6668
PPI 2 | 320 ± 11 | 40 ± 1 | 79 ± 1 | 91 ± 3 | 25346 ± 973 | 22930 ± 1172
PPI 2: SPF | 343 ± 11 | 42 ± 1 | 82 ± 1 | 89 ± 2 | 28070 ± 806 | 25050 ± 1011

[22 FIGURES AVAILABLE -- downloaded separately to FIG_files/]",elsevier_txt
10-1016_j-fochx-2024-101957_abstract1,10-1016_j-fochx-2024-101957,abstract,1,"This study investigated the effects of sequential enzymatic hydrolysis using Alcalase, followed by transglutaminase conjugation on the secondary and tertiary structures, hydrophobicity, free amine content, protein-protein interactions, and functional properties of zein. Fourier-transform infrared spectroscopy showed that the most significant secondary structural changes, characterized by a decrease in α-helix content and an increase in β-turns, occurred at a higher degree of hydrolysis. At a 2 % degree of hydrolysis, it revealed notable emulsifying activity (65.96 m 2 /g), while at 5 % hydrolysis, it achieved the highest solubility (75.06 %). Additionally, the zein hydrolysate with a 7 % hydrolysis degree, treated with transglutaminase, demonstrated improved H 0 values (2992.33), enhanced foam capacity (65.95 %), and increased solubilized protein content in a dithiothreitol extractant (31.35 %). Meanwhile, native zein treated with transglutaminase showed the highest water holding capacity (4.47 g/g). Overall, the combined enzymatic approach modified zein structure and properties, suggesting potential for improving functionality in plant-based food applications.

KEYWORDS: Foam capacity; Hydrolysis; Solubility; Transglutaminase; Zein",elsevier_txt
